mis_1,mis_2,Carr_1,Carr_2,id
3.9,8.3,3.9,4.4,"596796918064052"
3.9,8.3,3.9,4.4,"1290319608131747"
3.9,8.3,3.9,4.4,"908342456741395"
4.3,8.2,4.3,3.9,"445513656954431"
4.3,8.2,4.3,3.9,"1090353731504863"
4.3,8.2,4.3,3.9,"104577562050135"
4.4,8.3,4.4,3.9,"597084074915983"
4.4,8.3,4.4,3.9,"151693907199160"
4.4,8.3,4.4,3.9,"504550650754559"
4,8.1,4,4.1,"1050058102220345"
4,8.1,4,4.1,"641993123662358"
4,8.1,4,4.1,"897526570923990"
4,7.9,4,3.9,"3114531125429556"
4,7.9,4,3.9,"282233750609776"
4,7.9,4,3.9,"890770524971539"
4.1,8.2,4.1,4.1,"408888457600182"
4.1,8.2,4.1,4.1,"906548740229030"
3.9,7.6,3.9,3.7,"3090457391239864"
3.9,7.6,3.9,3.7,"638487400668407"
3.9,7.6,3.9,3.7,"307650124706834"
3.8,7.4,3.8,3.6,"2758008404499001"
3.8,7.4,3.8,3.6,"1294492784386466"
3.8,7.4,3.8,3.6,"604404910891926"
3.8,7.7,3.8,3.9,"312034844151298"
3.8,7.7,3.8,3.9,"381844380367381"
3.8,7.7,3.8,3.9,"431656178605436"
3.4,6.6,3.4,3.2,"1366974003705708"
3.4,6.6,3.4,3.2,"926997474610972"
3.4,6.6,3.4,3.2,"975428013406195"
3.3,6.6,3.3,3.3,"1578678815830657"
3.3,6.6,3.3,3.3,"334892865306223"
3.3,6.6,3.3,3.3,"892204698111317"
3.3,6.6,3.3,3.3,"605024587398230"
3.3,6.6,3.3,3.3,"880030925992951"
3.3,6.6,3.3,3.3,"3140202846264845"
3.4,6.6,3.4,3.2,"665590054453147"
3.4,6.6,3.4,3.2,"606348370655588"
3.4,6.6,3.4,3.2,"610774776866653"
3.4,6.6,3.4,3.2,"271887134916713"
3.4,6.6,3.4,3.2,"1109884206215489"
3.4,6.6,3.4,3.2,"4915263068524213"
3.3,6.5,3.3,3.2,"382907636958924"
3.3,6.5,3.3,3.2,"671469470928994"
3.3,6.5,3.3,3.2,"1029645297816581"
3.4,6.7,3.4,3.3,"947192962871770"
3.4,6.7,3.4,3.3,"117664570589917"
3.4,6.7,3.4,3.3,"342121337743796"
3.15,6.2,3.15,3.05,"3003245710004288"
3.15,6.2,3.15,3.05,"454837436212026"
3.2,6.3,3.2,3.1,"628714804983616"
3.2,6.3,3.2,3.1,"3137594823141975"
3.2,6.3,3.2,3.1,"2998188273768881"
3.2,6.2,3.2,3,"1158948284929197"
3.2,6.2,3.2,3,"1088027615355348"
3.2,6.2,3.2,3,"148516227527556"
3.7,7.5,3.7,3.8,"424540882697668"
3.7,7.5,3.7,3.8,"462407905233694"
3.7,7.5,3.7,3.8,"414868547085447"
3.1,6.3,3.1,3.2,"611910893225545"
3.1,6.3,3.1,3.2,"687780839261645"
3.1,6.3,3.1,3.2,"461114508734088"
