fid,captured_at,compass_angle,creator_id,foot,id,is_pano,organization_id,sequence_id,tile_zoom,tile_layer
1,"1639413864000","348.0542798892355","105081405344851",false,"909267089959434",true,"2099172886922450",MuF3ybkfPz4ni0etULNZAo,14,image
2,"1639413855000","347.9997752840015","105081405344851",false,"126209883208400",true,"2099172886922450",MuF3ybkfPz4ni0etULNZAo,14,image
3,"1639413869000","347.81008558688796","105081405344851",false,"247798240797114",true,"2099172886922450",MuF3ybkfPz4ni0etULNZAo,14,image
4,"1639413978000","327.2026903269169","105081405344851",false,"441702047621883",true,"2099172886922450",MuF3ybkfPz4ni0etULNZAo,14,image
5,"1639413879000","336.23393106725337","105081405344851",false,"229554672658142",true,"2099172886922450",MuF3ybkfPz4ni0etULNZAo,14,image
6,"1639413981000","326.65646353686043","105081405344851",false,"908342456741395",true,"2099172886922450",MuF3ybkfPz4ni0etULNZAo,14,image
7,"1639413718000","329.89860241049166","105081405344851",false,"313201017366599",true,"2099172886922450",MuF3ybkfPz4ni0etULNZAo,14,image
8,"1639413935000","336.4290244796967","105081405344851",false,"447114867037540",true,"2099172886922450",MuF3ybkfPz4ni0etULNZAo,14,image
9,"1639413938000","336.2032908583685","105081405344851",false,"1502877246760329",true,"2099172886922450",MuF3ybkfPz4ni0etULNZAo,14,image
10,"1639413865000","348.3392667369924","105081405344851",false,"599349477961445",true,"2099172886922450",MuF3ybkfPz4ni0etULNZAo,14,image
11,"1639413929000","336.29956357272494","105081405344851",false,"4701720336571958",true,"2099172886922450",MuF3ybkfPz4ni0etULNZAo,14,image
12,"1639413950000","335.0006837841344","105081405344851",false,"713748389601258",true,"2099172886922450",MuF3ybkfPz4ni0etULNZAo,14,image
13,"1639413896000","330.99263176953804","105081405344851",false,"156037560084940",true,"2099172886922450",MuF3ybkfPz4ni0etULNZAo,14,image
14,"1639413892000","331.1341510027889","105081405344851",false,"119630717217431",true,"2099172886922450",MuF3ybkfPz4ni0etULNZAo,14,image
15,"1639413993000","335.89214203365276","105081405344851",false,"2900426443540229",true,"2099172886922450",MuF3ybkfPz4ni0etULNZAo,14,image
16,"1639413877000","340.3778281283348","105081405344851",false,"622731412303281",true,"2099172886922450",MuF3ybkfPz4ni0etULNZAo,14,image
17,"1639413992000","335.3936971340038","105081405344851",false,"1343277116135915",true,"2099172886922450",MuF3ybkfPz4ni0etULNZAo,14,image
18,"1639413920000","333.8299593583303","105081405344851",false,"4463704693728805",true,"2099172886922450",MuF3ybkfPz4ni0etULNZAo,14,image
19,"1639413885000","330.92258156001384","105081405344851",false,"3142765779305985",true,"2099172886922450",MuF3ybkfPz4ni0etULNZAo,14,image
20,"1639413757000","337.42126675446355","105081405344851",false,"150491083970074",true,"2099172886922450",MuF3ybkfPz4ni0etULNZAo,14,image
21,"1639413933000","336.5280416755593","105081405344851",false,"1007366086527981",true,"2099172886922450",MuF3ybkfPz4ni0etULNZAo,14,image
22,"1639413780000","335.2264617024255","105081405344851",false,"637285250730764",true,"2099172886922450",MuF3ybkfPz4ni0etULNZAo,14,image
23,"1639413953000","334.89566425784164","105081405344851",false,"887839885114676",true,"2099172886922450",MuF3ybkfPz4ni0etULNZAo,14,image
24,"1639413745000","335.8950685228059","105081405344851",false,"3061615730761649",true,"2099172886922450",MuF3ybkfPz4ni0etULNZAo,14,image
25,"1639413986000","327.1208230820193","105081405344851",false,"217219973809161",true,"2099172886922450",MuF3ybkfPz4ni0etULNZAo,14,image
26,"1639413952000","334.8953794029591","105081405344851",false,"3021154628202619",true,"2099172886922450",MuF3ybkfPz4ni0etULNZAo,14,image
27,"1639413825000","344.2658371410037","105081405344851",false,"4536279303155153",true,"2099172886922450",MuF3ybkfPz4ni0etULNZAo,14,image
28,"1639414000000","336.42809546975775","105081405344851",false,"453614636369008",true,"2099172886922450",MuF3ybkfPz4ni0etULNZAo,14,image
29,"1639413982000","326.77078022455896","105081405344851",false,"596796918064052",true,"2099172886922450",MuF3ybkfPz4ni0etULNZAo,14,image
30,"1639413846000","347.76201641666967","105081405344851",false,"310201110988894",true,"2099172886922450",MuF3ybkfPz4ni0etULNZAo,14,image
31,"1639413972000","331.9190132561977","105081405344851",false,"1809473075908764",true,"2099172886922450",MuF3ybkfPz4ni0etULNZAo,14,image
32,"1639413763000","336.83248401127497","105081405344851",false,"302286185145247",true,"2099172886922450",MuF3ybkfPz4ni0etULNZAo,14,image
33,"1639413984000","326.847104823446","105081405344851",false,"1068699170575791",true,"2099172886922450",MuF3ybkfPz4ni0etULNZAo,14,image
34,"1639413905000","330.0186855872","105081405344851",false,"451662133144934",true,"2099172886922450",MuF3ybkfPz4ni0etULNZAo,14,image
35,"1639413789000","337.17601067175804","105081405344851",false,"665438107790467",true,"2099172886922450",MuF3ybkfPz4ni0etULNZAo,14,image
36,"1639413997000","336.1961994705518","105081405344851",false,"2014342462075294",true,"2099172886922450",MuF3ybkfPz4ni0etULNZAo,14,image
37,"1639413881000","333.2129495316704","105081405344851",false,"453244256210161",true,"2099172886922450",MuF3ybkfPz4ni0etULNZAo,14,image
38,"1639413829000","343.98272247307887","105081405344851",false,"3323689081199980",true,"2099172886922450",MuF3ybkfPz4ni0etULNZAo,14,image
39,"1639413946000","335.7090485127301","105081405344851",false,"217149333916135",true,"2099172886922450",MuF3ybkfPz4ni0etULNZAo,14,image
40,"1639413813000","343.34619890350797","105081405344851",false,"906548740229030",true,"2099172886922450",MuF3ybkfPz4ni0etULNZAo,14,image
41,"1639413976000","328.3049464108856","105081405344851",false,"4975769129124538",true,"2099172886922450",MuF3ybkfPz4ni0etULNZAo,14,image
42,"1639413826000","344.3733953934885","105081405344851",false,"1875350242652151",true,"2099172886922450",MuF3ybkfPz4ni0etULNZAo,14,image
43,"1639413921000","335.1338238788597","105081405344851",false,"407077181202898",true,"2099172886922450",MuF3ybkfPz4ni0etULNZAo,14,image
44,"1639413821000","344.4403188353949","105081405344851",false,"1088174921744647",true,"2099172886922450",MuF3ybkfPz4ni0etULNZAo,14,image
45,"1639414004000","338.8067549379565","105081405344851",false,"204786675189155",true,"2099172886922450",MuF3ybkfPz4ni0etULNZAo,14,image
46,"1639413914000","330.44002008045584","105081405344851",false,"597084074915983",true,"2099172886922450",MuF3ybkfPz4ni0etULNZAo,14,image
47,"1639413843000","348.0467771712509","105081405344851",false,"866486154048371",true,"2099172886922450",MuF3ybkfPz4ni0etULNZAo,14,image
48,"1639413962000","334.85441343602787","105081405344851",false,"3174832739504130",true,"2099172886922450",MuF3ybkfPz4ni0etULNZAo,14,image
49,"1639413771000","336.82259421968297","105081405344851",false,"960167864929657",true,"2099172886922450",MuF3ybkfPz4ni0etULNZAo,14,image
50,"1639413919000","332.5406269365019","105081405344851",false,"624479688976221",true,"2099172886922450",MuF3ybkfPz4ni0etULNZAo,14,image
51,"1639413971000","332.79773745755205","105081405344851",false,"125496859947760",true,"2099172886922450",MuF3ybkfPz4ni0etULNZAo,14,image
52,"1639413716000","325.9825884306743","105081405344851",false,"130844306055894",true,"2099172886922450",MuF3ybkfPz4ni0etULNZAo,14,image
53,"1639414003000","336.24618673585593","105081405344851",false,"1098097437691564",true,"2099172886922450",MuF3ybkfPz4ni0etULNZAo,14,image
54,"1639413871000","347.661169497367","105081405344851",false,"234131868857299",true,"2099172886922450",MuF3ybkfPz4ni0etULNZAo,14,image
55,"1639413949000","334.96884101165847","105081405344851",false,"1090353731504863",true,"2099172886922450",MuF3ybkfPz4ni0etULNZAo,14,image
56,"1639413820000","344.41518457609976","105081405344851",false,"951167399119349",true,"2099172886922450",MuF3ybkfPz4ni0etULNZAo,14,image
57,"1639413741000","336.15380612685675","105081405344851",false,"715123209467981",true,"2099172886922450",MuF3ybkfPz4ni0etULNZAo,14,image
58,"1639413964000","335.27313085961123","105081405344851",false,"931944614103149",true,"2099172886922450",MuF3ybkfPz4ni0etULNZAo,14,image
59,"1639413853000","347.938165948257","105081405344851",false,"637038421045580",true,"2099172886922450",MuF3ybkfPz4ni0etULNZAo,14,image
60,"1639413724000","333.46878156945496","105081405344851",false,"381844380367381",true,"2099172886922450",MuF3ybkfPz4ni0etULNZAo,14,image
61,"1639413888000","329.4824074969495","105081405344851",false,"135371408920723",true,"2099172886922450",MuF3ybkfPz4ni0etULNZAo,14,image
62,"1639413841000","347.926579749395","105081405344851",false,"3114531125429556",true,"2099172886922450",MuF3ybkfPz4ni0etULNZAo,14,image
63,"1639413930000","336.28490789631707","105081405344851",false,"307645538035661",true,"2099172886922450",MuF3ybkfPz4ni0etULNZAo,14,image
64,"1639413778000","336.90517614077964","105081405344851",false,"458812079177006",true,"2099172886922450",MuF3ybkfPz4ni0etULNZAo,14,image
65,"1639413947000","335.4358727757613","105081405344851",false,"104577562050135",true,"2099172886922450",MuF3ybkfPz4ni0etULNZAo,14,image
66,"1639413782000","336.1077832484876","105081405344851",false,"255446406688696",true,"2099172886922450",MuF3ybkfPz4ni0etULNZAo,14,image
67,"1639413996000","335.74093533369376","105081405344851",false,"4445569702239184",true,"2099172886922450",MuF3ybkfPz4ni0etULNZAo,14,image
68,"1639413944000","334.6627742470036","105081405344851",false,"443956014057936",true,"2099172886922450",MuF3ybkfPz4ni0etULNZAo,14,image
69,"1639413795000","341.8760436452643","105081405344851",false,"492622592168395",true,"2099172886922450",MuF3ybkfPz4ni0etULNZAo,14,image
70,"1639413736000","336.3996427008895","105081405344851",false,"966349434281660",true,"2099172886922450",MuF3ybkfPz4ni0etULNZAo,14,image
71,"1639413890000","330.89908203883266","105081405344851",false,"932891434010451",true,"2099172886922450",MuF3ybkfPz4ni0etULNZAo,14,image
72,"1639413851000","347.93554447082073","105081405344851",false,"975015756698506",true,"2099172886922450",MuF3ybkfPz4ni0etULNZAo,14,image
73,"1639414001000","336.07924522437423","105081405344851",false,"1273323656488140",true,"2099172886922450",MuF3ybkfPz4ni0etULNZAo,14,image
74,"1639413861000","347.78514239393627","105081405344851",false,"241495161427168",true,"2099172886922450",MuF3ybkfPz4ni0etULNZAo,14,image
75,"1639413781000","335.12925915940195","105081405344851",false,"1092999554903029",true,"2099172886922450",MuF3ybkfPz4ni0etULNZAo,14,image
76,"1639413959000","334.83512515815505","105081405344851",false,"147454434322397",true,"2099172886922450",MuF3ybkfPz4ni0etULNZAo,14,image
77,"1639413760000","336.70320696184183","105081405344851",false,"764149891645079",true,"2099172886922450",MuF3ybkfPz4ni0etULNZAo,14,image
78,"1639413875000","345.225918492747","105081405344851",false,"1050058102220345",true,"2099172886922450",MuF3ybkfPz4ni0etULNZAo,14,image
79,"1639413835000","347.06455874142216","105081405344851",false,"1329232950869428",true,"2099172886922450",MuF3ybkfPz4ni0etULNZAo,14,image
80,"1639414014000","337.32609159452716","105081405344851",false,"618184442829301",true,"2099172886922450",MuF3ybkfPz4ni0etULNZAo,14,image
81,"1639413856000","348.0457353492853","105081405344851",false,"431089111998207",true,"2099172886922450",MuF3ybkfPz4ni0etULNZAo,14,image
82,"1639413783000","337.1029691243178","105081405344851",false,"596441914794581",true,"2099172886922450",MuF3ybkfPz4ni0etULNZAo,14,image
83,"1639413957000","334.5357374840627","105081405344851",false,"1726392767565076",true,"2099172886922450",MuF3ybkfPz4ni0etULNZAo,14,image
84,"1639413776000","337.1639749615493","105081405344851",false,"311823144154897",true,"2099172886922450",MuF3ybkfPz4ni0etULNZAo,14,image
85,"1639413903000","330.4732753799134","105081405344851",false,"437027721466474",true,"2099172886922450",MuF3ybkfPz4ni0etULNZAo,14,image
86,"1639413804000","343.5882031609742","105081405344851",false,"139548785133920",true,"2099172886922450",MuF3ybkfPz4ni0etULNZAo,14,image
87,"1639414005000","335.98465335062025","105081405344851",false,"934628243838089",true,"2099172886922450",MuF3ybkfPz4ni0etULNZAo,14,image
88,"1639413857000","348.14399645073183","105081405344851",false,"979464972779727",true,"2099172886922450",MuF3ybkfPz4ni0etULNZAo,14,image
89,"1639413773000","336.85287895724304","105081405344851",false,"600873447658689",true,"2099172886922450",MuF3ybkfPz4ni0etULNZAo,14,image
90,"1639413917000","330.81197561232665","105081405344851",false,"219624447012152",true,"2099172886922450",MuF3ybkfPz4ni0etULNZAo,14,image
91,"1639413766000","338.5357587482439","105081405344851",false,"199477849066754",true,"2099172886922450",MuF3ybkfPz4ni0etULNZAo,14,image
92,"1639413759000","337.00136730418336","105081405344851",false,"218200640472143",true,"2099172886922450",MuF3ybkfPz4ni0etULNZAo,14,image
93,"1639413874000","347.05927028647505","105081405344851",false,"641993123662358",true,"2099172886922450",MuF3ybkfPz4ni0etULNZAo,14,image
94,"1639413833000","343.93074515276004","105081405344851",false,"1581199858884967",true,"2099172886922450",MuF3ybkfPz4ni0etULNZAo,14,image
95,"1639413717000","327.98755260686187","105081405344851",false,"699977594274642",true,"2099172886922450",MuF3ybkfPz4ni0etULNZAo,14,image
96,"1639414015000","336.8104042457738","105081405344851",false,"979941999260348",true,"2099172886922450",MuF3ybkfPz4ni0etULNZAo,14,image
97,"1639413960000","334.9416269824816","105081405344851",false,"774452690622976",true,"2099172886922450",MuF3ybkfPz4ni0etULNZAo,14,image
98,"1639413786000","337.001905348151","105081405344851",false,"638487400668407",true,"2099172886922450",MuF3ybkfPz4ni0etULNZAo,14,image
99,"1639413931000","336.52096620924397","105081405344851",false,"422538279551122",true,"2099172886922450",MuF3ybkfPz4ni0etULNZAo,14,image
100,"1639413817000","343.68679130548435","105081405344851",false,"4718104391566702",true,"2099172886922450",MuF3ybkfPz4ni0etULNZAo,14,image
101,"1639413965000","335.37096126782757","105081405344851",false,"657468765621222",true,"2099172886922450",MuF3ybkfPz4ni0etULNZAo,14,image
102,"1639413811000","343.52504642979966","105081405344851",false,"627949111660536",true,"2099172886922450",MuF3ybkfPz4ni0etULNZAo,14,image
103,"1639414007000","335.93391374838274","105081405344851",false,"1796648297190887",true,"2099172886922450",MuF3ybkfPz4ni0etULNZAo,14,image
104,"1639413893000","330.86604093239345","105081405344851",false,"3030640670537325",true,"2099172886922450",MuF3ybkfPz4ni0etULNZAo,14,image
105,"1639413850000","347.95025234930216","105081405344851",false,"104571958717320",true,"2099172886922450",MuF3ybkfPz4ni0etULNZAo,14,image
106,"1639413770000","337.1790270676736","105081405344851",false,"479011573844804",true,"2099172886922450",MuF3ybkfPz4ni0etULNZAo,14,image
107,"1639413715000","323.3351473891814","105081405344851",false,"217422903884017",true,"2099172886922450",MuF3ybkfPz4ni0etULNZAo,14,image
108,"1639413977000","327.4858570552883","105081405344851",false,"1096939711056695",true,"2099172886922450",MuF3ybkfPz4ni0etULNZAo,14,image
109,"1639413775000","336.747574080781","105081405344851",false,"1129666484236065",true,"2099172886922450",MuF3ybkfPz4ni0etULNZAo,14,image
110,"1639413925000","336.2709426035652","105081405344851",false,"1557404354620055",true,"2099172886922450",MuF3ybkfPz4ni0etULNZAo,14,image
111,"1639413834000","344.93774978249877","105081405344851",false,"630306211756463",true,"2099172886922450",MuF3ybkfPz4ni0etULNZAo,14,image
112,"1639413966000","335.4773792926383","105081405344851",false,"409182434323862",true,"2099172886922450",MuF3ybkfPz4ni0etULNZAo,14,image
113,"1639413774000","336.84574080956725","105081405344851",false,"331206775275771",true,"2099172886922450",MuF3ybkfPz4ni0etULNZAo,14,image
114,"1639414017000","338.295270170069","105081405344851",false,"274453344562412",true,"2099172886922450",MuF3ybkfPz4ni0etULNZAo,14,image
115,"1639413970000","333.2741256234053","105081405344851",false,"3077476295845942",true,"2099172886922450",MuF3ybkfPz4ni0etULNZAo,14,image
116,"1639413814000","343.5293329480029","105081405344851",false,"408888457600182",true,"2099172886922450",MuF3ybkfPz4ni0etULNZAo,14,image
117,"1639413732000","336.56844718771566","105081405344851",false,"1134856007050381",true,"2099172886922450",MuF3ybkfPz4ni0etULNZAo,14,image
118,"1639413866000","348.47127611845616","105081405344851",false,"405243441301794",true,"2099172886922450",MuF3ybkfPz4ni0etULNZAo,14,image
119,"1639413784000","337.36497826894174","105081405344851",false,"307650124706834",true,"2099172886922450",MuF3ybkfPz4ni0etULNZAo,14,image
120,"1639413991000","334.24835556551017","105081405344851",false,"870212767004637",true,"2099172886922450",MuF3ybkfPz4ni0etULNZAo,14,image
121,"1639413958000","335.18282312174773","105081405344851",false,"675343413470569",true,"2099172886922450",MuF3ybkfPz4ni0etULNZAo,14,image
122,"1639413836000","346.2021708665598","105081405344851",false,"328057695803581",true,"2099172886922450",MuF3ybkfPz4ni0etULNZAo,14,image
123,"1639413729000","336.7813031600183","105081405344851",false,"461839965352145",true,"2099172886922450",MuF3ybkfPz4ni0etULNZAo,14,image
124,"1639413828000","344.2044632313645","105081405344851",false,"199952589019085",true,"2099172886922450",MuF3ybkfPz4ni0etULNZAo,14,image
125,"1639414002000","335.9334159723872","105081405344851",false,"609265963626276",true,"2099172886922450",MuF3ybkfPz4ni0etULNZAo,14,image
126,"1639413880000","334.52300679774424","105081405344851",false,"473779670757968",true,"2099172886922450",MuF3ybkfPz4ni0etULNZAo,14,image
127,"1639413779000","336.5641736087646","105081405344851",false,"451319843252340",true,"2099172886922450",MuF3ybkfPz4ni0etULNZAo,14,image
128,"1639413740000","336.07119002074734","105081405344851",false,"220571323565122",true,"2099172886922450",MuF3ybkfPz4ni0etULNZAo,14,image
129,"1639413883000","331.72293805412266","105081405344851",false,"310450754296697",true,"2099172886922450",MuF3ybkfPz4ni0etULNZAo,14,image
130,"1639413819000","344.1119013665288","105081405344851",false,"995094904715691",true,"2099172886922450",MuF3ybkfPz4ni0etULNZAo,14,image
131,"1639413945000","335.0872723748624","105081405344851",false,"1085877575501159",true,"2099172886922450",MuF3ybkfPz4ni0etULNZAo,14,image
132,"1639413822000","344.2794136531265","105081405344851",false,"3286814838212827",true,"2099172886922450",MuF3ybkfPz4ni0etULNZAo,14,image
133,"1639414011000","336.65034682914205","105081405344851",false,"1464335880654039",true,"2099172886922450",MuF3ybkfPz4ni0etULNZAo,14,image
134,"1639413904000","330.3508559673613","105081405344851",false,"4799042196826729",true,"2099172886922450",MuF3ybkfPz4ni0etULNZAo,14,image
135,"1639413832000","343.50922500141496","105081405344851",false,"213492340982316",true,"2099172886922450",MuF3ybkfPz4ni0etULNZAo,14,image
136,"1639413713000","314.49540780406085","105081405344851",false,"345244113635348",true,"2099172886922450",MuF3ybkfPz4ni0etULNZAo,14,image
137,"1639413956000","334.86706065903996","105081405344851",false,"3081184658803248",true,"2099172886922450",MuF3ybkfPz4ni0etULNZAo,14,image
138,"1639413752000","336.2136628314486","105081405344851",false,"232874598868409",true,"2099172886922450",MuF3ybkfPz4ni0etULNZAo,14,image
139,"1639413923000","335.75947001867024","105081405344851",false,"473788967605346",true,"2099172886922450",MuF3ybkfPz4ni0etULNZAo,14,image
140,"1639413772000","336.5819152233583","105081405344851",false,"124011360105982",true,"2099172886922450",MuF3ybkfPz4ni0etULNZAo,14,image
141,"1639413863000","347.91759489935885","105081405344851",false,"625850218659146",true,"2099172886922450",MuF3ybkfPz4ni0etULNZAo,14,image
142,"1639413827000","344.44003162220116","105081405344851",false,"105610941930740",true,"2099172886922450",MuF3ybkfPz4ni0etULNZAo,14,image
143,"1639413969000","334.1332607276661","105081405344851",false,"903038080385533",true,"2099172886922450",MuF3ybkfPz4ni0etULNZAo,14,image
144,"1639413762000","336.64203467572156","105081405344851",false,"328479849137458",true,"2099172886922450",MuF3ybkfPz4ni0etULNZAo,14,image
145,"1639413907000","330.0196326232818","105081405344851",false,"4655013957917191",true,"2099172886922450",MuF3ybkfPz4ni0etULNZAo,14,image
146,"1639413849000","347.9649990186237","105081405344851",false,"607845456964522",true,"2099172886922450",MuF3ybkfPz4ni0etULNZAo,14,image
147,"1639413897000","330.8269841089337","105081405344851",false,"1071039233687010",true,"2099172886922450",MuF3ybkfPz4ni0etULNZAo,14,image
148,"1639413805000","343.6277816639823","105081405344851",false,"134455865689617",true,"2099172886922450",MuF3ybkfPz4ni0etULNZAo,14,image
149,"1639413922000","335.57877427147196","105081405344851",false,"4126144084152179",true,"2099172886922450",MuF3ybkfPz4ni0etULNZAo,14,image
150,"1639413764000","336.91955333355264","105081405344851",false,"1026872371378133",true,"2099172886922450",MuF3ybkfPz4ni0etULNZAo,14,image
151,"1639413987000","328.1254151094155","105081405344851",false,"238456905049190",true,"2099172886922450",MuF3ybkfPz4ni0etULNZAo,14,image
152,"1639413801000","343.5258663086492","105081405344851",false,"2055701797928221",true,"2099172886922450",MuF3ybkfPz4ni0etULNZAo,14,image
153,"1639413722000","330.6878534804375","105081405344851",false,"894412564603603",true,"2099172886922450",MuF3ybkfPz4ni0etULNZAo,14,image
154,"1639413974000","330.43744953689975","105081405344851",false,"629019768249473",true,"2099172886922450",MuF3ybkfPz4ni0etULNZAo,14,image
155,"1639413812000","343.57947367694044","105081405344851",false,"1213929559131685",true,"2099172886922450",MuF3ybkfPz4ni0etULNZAo,14,image
156,"1639413737000","336.2380755547914","105081405344851",false,"340813064143626",true,"2099172886922450",MuF3ybkfPz4ni0etULNZAo,14,image
157,"1639413860000","348.0440635816772","105081405344851",false,"923910198262906",true,"2099172886922450",MuF3ybkfPz4ni0etULNZAo,14,image
158,"1639413810000","343.48587918485515","105081405344851",false,"598356664789404",true,"2099172886922450",MuF3ybkfPz4ni0etULNZAo,14,image
159,"1639413862000","347.5589336048485","105081405344851",false,"522522052061315",true,"2099172886922450",MuF3ybkfPz4ni0etULNZAo,14,image
160,"1639413769000","337.48061782734715","105081405344851",false,"4527330130721385",true,"2099172886922450",MuF3ybkfPz4ni0etULNZAo,14,image
161,"1639413744000","335.79767680774563","105081405344851",false,"326233592680465",true,"2099172886922450",MuF3ybkfPz4ni0etULNZAo,14,image
162,"1639413868000","347.656705508877","105081405344851",false,"241778998079830",true,"2099172886922450",MuF3ybkfPz4ni0etULNZAo,14,image
163,"1639413796000","342.541597031348","105081405344851",false,"927316104889812",true,"2099172886922450",MuF3ybkfPz4ni0etULNZAo,14,image
164,"1639413733000","336.98249831272","105081405344851",false,"627995581952548",true,"2099172886922450",MuF3ybkfPz4ni0etULNZAo,14,image
165,"1639413985000","326.6795208033953","105081405344851",false,"198955012449681",true,"2099172886922450",MuF3ybkfPz4ni0etULNZAo,14,image
166,"1639413927000","336.4590660050262","105081405344851",false,"3069833249957379",true,"2099172886922450",MuF3ybkfPz4ni0etULNZAo,14,image
167,"1639413818000","343.734418656165","105081405344851",false,"240301478176760",true,"2099172886922450",MuF3ybkfPz4ni0etULNZAo,14,image
168,"1639413994000","336.1619035561715","105081405344851",false,"459681825528762",true,"2099172886922450",MuF3ybkfPz4ni0etULNZAo,14,image
169,"1639413882000","332.4032519474008","105081405344851",false,"466362391760670",true,"2099172886922450",MuF3ybkfPz4ni0etULNZAo,14,image
170,"1639413761000","336.5618490600916","105081405344851",false,"642959456890855",true,"2099172886922450",MuF3ybkfPz4ni0etULNZAo,14,image
171,"1639413725000","334.0288191688683","105081405344851",false,"431656178605436",true,"2099172886922450",MuF3ybkfPz4ni0etULNZAo,14,image
172,"1639413934000","336.32846331785856","105081405344851",false,"114611967593767",true,"2099172886922450",MuF3ybkfPz4ni0etULNZAo,14,image
173,"1639413798000","342.8587060527648","105081405344851",false,"651291445893078",true,"2099172886922450",MuF3ybkfPz4ni0etULNZAo,14,image
174,"1639413967000","335.29640600474386","105081405344851",false,"1325217741257100",true,"2099172886922450",MuF3ybkfPz4ni0etULNZAo,14,image
175,"1639413753000","335.8812481166539","105081405344851",false,"604404910891926",true,"2099172886922450",MuF3ybkfPz4ni0etULNZAo,14,image
176,"1639413873000","347.9260526664465","105081405344851",false,"746850846291905",true,"2099172886922450",MuF3ybkfPz4ni0etULNZAo,14,image
177,"1639413824000","344.24402949248923","105081405344851",false,"460502782319905",true,"2099172886922450",MuF3ybkfPz4ni0etULNZAo,14,image
178,"1639413912000","330.0853343457471","105081405344851",false,"331833131853469",true,"2099172886922450",MuF3ybkfPz4ni0etULNZAo,14,image
179,"1639413845000","347.8707610079485","105081405344851",false,"3119371778340157",true,"2099172886922450",MuF3ybkfPz4ni0etULNZAo,14,image
180,"1639413743000","335.7628337057215","105081405344851",false,"281789067300014",true,"2099172886922450",MuF3ybkfPz4ni0etULNZAo,14,image
181,"1639413979000","326.96777821389253","105081405344851",false,"217031823939931",true,"2099172886922450",MuF3ybkfPz4ni0etULNZAo,14,image
182,"1639413768000","337.8361467613377","105081405344851",false,"1082491779236844",true,"2099172886922450",MuF3ybkfPz4ni0etULNZAo,14,image
183,"1639413898000","330.60212799316565","105081405344851",false,"914137662454646",true,"2099172886922450",MuF3ybkfPz4ni0etULNZAo,14,image
184,"1639413802000","343.18938077672027","105081405344851",false,"507236933786286",true,"2099172886922450",MuF3ybkfPz4ni0etULNZAo,14,image
185,"1639413940000","335.62481880747606","105081405344851",false,"633926331132443",true,"2099172886922450",MuF3ybkfPz4ni0etULNZAo,14,image
186,"1639413837000","346.2862098108014","105081405344851",false,"436401241309951",true,"2099172886922450",MuF3ybkfPz4ni0etULNZAo,14,image
187,"1639413730000","336.62220522964515","105081405344851",false,"877797872918492",true,"2099172886922450",MuF3ybkfPz4ni0etULNZAo,14,image
188,"1639414006000","336.0227958524519","105081405344851",false,"943577819877135",true,"2099172886922450",MuF3ybkfPz4ni0etULNZAo,14,image
189,"1639413895000","330.7708044373284","105081405344851",false,"129328236213740",true,"2099172886922450",MuF3ybkfPz4ni0etULNZAo,14,image
190,"1639413749000","336.1159922756549","105081405344851",false,"447068707008707",true,"2099172886922450",MuF3ybkfPz4ni0etULNZAo,14,image
191,"1639413738000","335.7729366214963","105081405344851",false,"447856220180651",true,"2099172886922450",MuF3ybkfPz4ni0etULNZAo,14,image
192,"1639413900000","330.21457176101364","105081405344851",false,"1555388068150275",true,"2099172886922450",MuF3ybkfPz4ni0etULNZAo,14,image
193,"1639413831000","343.5694521472942","105081405344851",false,"404678241344655",true,"2099172886922450",MuF3ybkfPz4ni0etULNZAo,14,image
194,"1639413887000","329.4097068348601","105081405344851",false,"149688860745581",true,"2099172886922450",MuF3ybkfPz4ni0etULNZAo,14,image
195,"1639413838000","347.26003415365295","105081405344851",false,"1589542134711200",true,"2099172886922450",MuF3ybkfPz4ni0etULNZAo,14,image
196,"1639413983000","327.06071540019195","105081405344851",false,"1290319608131747",true,"2099172886922450",MuF3ybkfPz4ni0etULNZAo,14,image
197,"1639413767000","338.40961173962484","105081405344851",false,"241754431418491",true,"2099172886922450",MuF3ybkfPz4ni0etULNZAo,14,image
198,"1639413721000","329.4803628726114","105081405344851",false,"456833382741494",true,"2099172886922450",MuF3ybkfPz4ni0etULNZAo,14,image
199,"1639413941000","335.2017770887212","105081405344851",false,"977151502932575",true,"2099172886922450",MuF3ybkfPz4ni0etULNZAo,14,image
200,"1639413816000","343.64899784366105","105081405344851",false,"281419057341133",true,"2099172886922450",MuF3ybkfPz4ni0etULNZAo,14,image
201,"1639413735000","336.6063399076472","105081405344851",false,"276230731233172",true,"2099172886922450",MuF3ybkfPz4ni0etULNZAo,14,image
202,"1639413963000","334.9540999943075","105081405344851",false,"360829369182277",true,"2099172886922450",MuF3ybkfPz4ni0etULNZAo,14,image
203,"1639413839000","347.73109053293285","105081405344851",false,"299900548870914",true,"2099172886922450",MuF3ybkfPz4ni0etULNZAo,14,image
204,"1639413990000","331.5432132457608","105081405344851",false,"604677830610054",true,"2099172886922450",MuF3ybkfPz4ni0etULNZAo,14,image
205,"1639413926000","336.37191854713416","105081405344851",false,"1301313396961073",true,"2099172886922450",MuF3ybkfPz4ni0etULNZAo,14,image
206,"1639413747000","335.8492028895249","105081405344851",false,"884539658909793",true,"2099172886922450",MuF3ybkfPz4ni0etULNZAo,14,image
207,"1639413728000","336.581194106849","105081405344851",false,"131265712682268",true,"2099172886922450",MuF3ybkfPz4ni0etULNZAo,14,image
208,"1639413998000","336.13380030321366","105081405344851",false,"668844684106873",true,"2099172886922450",MuF3ybkfPz4ni0etULNZAo,14,image
209,"1639413951000","334.786803983144","105081405344851",false,"621431505578431",true,"2099172886922450",MuF3ybkfPz4ni0etULNZAo,14,image
210,"1639413809000","343.43320385516375","105081405344851",false,"335694358095783",true,"2099172886922450",MuF3ybkfPz4ni0etULNZAo,14,image
211,"1639414012000","336.3435236896211","105081405344851",false,"306642284712413",true,"2099172886922450",MuF3ybkfPz4ni0etULNZAo,14,image
212,"1639413968000","334.83441695259353","105081405344851",false,"328471702455623",true,"2099172886922450",MuF3ybkfPz4ni0etULNZAo,14,image
213,"1639413847000","347.8942842008398","105081405344851",false,"4659286390793133",true,"2099172886922450",MuF3ybkfPz4ni0etULNZAo,14,image
214,"1639413739000","335.68825095483714","105081405344851",false,"421452562996207",true,"2099172886922450",MuF3ybkfPz4ni0etULNZAo,14,image
215,"1639413854000","347.9829057900825","105081405344851",false,"446845863769667",true,"2099172886922450",MuF3ybkfPz4ni0etULNZAo,14,image
216,"1639413746000","335.9069378362429","105081405344851",false,"271914571588978",true,"2099172886922450",MuF3ybkfPz4ni0etULNZAo,14,image
217,"1639413999000","336.41808956637504","105081405344851",false,"962139154721843",true,"2099172886922450",MuF3ybkfPz4ni0etULNZAo,14,image
218,"1639413948000","334.97235815570986","105081405344851",false,"445513656954431",true,"2099172886922450",MuF3ybkfPz4ni0etULNZAo,14,image
219,"1639413785000","337.2135063091589","105081405344851",false,"3090457391239864",true,"2099172886922450",MuF3ybkfPz4ni0etULNZAo,14,image
220,"1639414013000","337.0783249592781","105081405344851",false,"495495081837774",true,"2099172886922450",MuF3ybkfPz4ni0etULNZAo,14,image
221,"1639413894000","330.89627710778484","105081405344851",false,"1361809174243393",true,"2099172886922450",MuF3ybkfPz4ni0etULNZAo,14,image
222,"1639413751000","336.4023574291103","105081405344851",false,"681041649723070",true,"2099172886922450",MuF3ybkfPz4ni0etULNZAo,14,image
223,"1639413727000","335.9664759269701","105081405344851",false,"3142044669447330",true,"2099172886922450",MuF3ybkfPz4ni0etULNZAo,14,image
224,"1639413906000","329.9281935144905","105081405344851",false,"221872906667765",true,"2099172886922450",MuF3ybkfPz4ni0etULNZAo,14,image
225,"1639413803000","343.31229735009754","105081405344851",false,"619641909241454",true,"2099172886922450",MuF3ybkfPz4ni0etULNZAo,14,image
226,"1639413723000","332.18903648356616","105081405344851",false,"655122135854805",true,"2099172886922450",MuF3ybkfPz4ni0etULNZAo,14,image
227,"1639413908000","330.14903344931093","105081405344851",false,"671075690917664",true,"2099172886922450",MuF3ybkfPz4ni0etULNZAo,14,image
228,"1639413799000","342.98606618732623","105081405344851",false,"1080149945889752",true,"2099172886922450",MuF3ybkfPz4ni0etULNZAo,14,image
229,"1639413918000","331.7780842113961","105081405344851",false,"1243040772867865",true,"2099172886922450",MuF3ybkfPz4ni0etULNZAo,14,image
230,"1639413844000","347.9448955222408","105081405344851",false,"136561462087826",true,"2099172886922450",MuF3ybkfPz4ni0etULNZAo,14,image
231,"1639413734000","336.695618747684","105081405344851",false,"455339906265565",true,"2099172886922450",MuF3ybkfPz4ni0etULNZAo,14,image
232,"1639414016000","337.5247150203907","105081405344851",false,"317123526949890",true,"2099172886922450",MuF3ybkfPz4ni0etULNZAo,14,image
233,"1639413891000","331.2583476587534","105081405344851",false,"3086796678248740",true,"2099172886922450",MuF3ybkfPz4ni0etULNZAo,14,image
234,"1639413765000","337.4047038224807","105081405344851",false,"1532755473766447",true,"2099172886922450",MuF3ybkfPz4ni0etULNZAo,14,image
235,"1639413995000","335.8053866948516","105081405344851",false,"1004788170382464",true,"2099172886922450",MuF3ybkfPz4ni0etULNZAo,14,image
236,"1639413936000","336.3364572478739","105081405344851",false,"282801237026245",true,"2099172886922450",MuF3ybkfPz4ni0etULNZAo,14,image
237,"1639413830000","343.8653968549933","105081405344851",false,"623642355345180",true,"2099172886922450",MuF3ybkfPz4ni0etULNZAo,14,image
238,"1639413870000","347.8361418653374","105081405344851",false,"139329391826901",true,"2099172886922450",MuF3ybkfPz4ni0etULNZAo,14,image
239,"1639413750000","336.2563095052839","105081405344851",false,"235405365385572",true,"2099172886922450",MuF3ybkfPz4ni0etULNZAo,14,image
240,"1639414008000","336.28924588691285","105081405344851",false,"1118618198982268",true,"2099172886922450",MuF3ybkfPz4ni0etULNZAo,14,image
241,"1639413910000","329.99910977241274","105081405344851",false,"476571407140724",true,"2099172886922450",MuF3ybkfPz4ni0etULNZAo,14,image
242,"1639413823000","344.12223192400995","105081405344851",false,"4612708255485224",true,"2099172886922450",MuF3ybkfPz4ni0etULNZAo,14,image
243,"1639413731000","336.4870509929518","105081405344851",false,"1316779165492463",true,"2099172886922450",MuF3ybkfPz4ni0etULNZAo,14,image
244,"1639414010000","336.18198946388105","105081405344851",false,"237458431850237",true,"2099172886922450",MuF3ybkfPz4ni0etULNZAo,14,image
245,"1639413913000","330.2854434999273","105081405344851",false,"504550650754559",true,"2099172886922450",MuF3ybkfPz4ni0etULNZAo,14,image
246,"1639413806000","343.29708294929037","105081405344851",false,"1002114210383378",true,"2099172886922450",MuF3ybkfPz4ni0etULNZAo,14,image
247,"1639413720000","328.66603650682504","105081405344851",false,"927593127877399",true,"2099172886922450",MuF3ybkfPz4ni0etULNZAo,14,image
248,"1639413943000","334.5443193321161","105081405344851",false,"595813348157012",true,"2099172886922450",MuF3ybkfPz4ni0etULNZAo,14,image
249,"1639413842000","348.0416372777018","105081405344851",false,"890770524971539",true,"2099172886922450",MuF3ybkfPz4ni0etULNZAo,14,image
250,"1639413954000","334.6881046466806","105081405344851",false,"4334099803362572",true,"2099172886922450",MuF3ybkfPz4ni0etULNZAo,14,image
251,"1639413756000","337.3016055725332","105081405344851",false,"338664051076558",true,"2099172886922450",MuF3ybkfPz4ni0etULNZAo,14,image
252,"1639413989000","330.4773099937191","105081405344851",false,"1545539209135183",true,"2099172886922450",MuF3ybkfPz4ni0etULNZAo,14,image
253,"1639413928000","336.42001741555026","105081405344851",false,"2618435201634878",true,"2099172886922450",MuF3ybkfPz4ni0etULNZAo,14,image
254,"1639413748000","335.92841771506255","105081405344851",false,"652119232623067",true,"2099172886922450",MuF3ybkfPz4ni0etULNZAo,14,image
255,"1639413961000","334.8579155180233","105081405344851",false,"1608458292822341",true,"2099172886922450",MuF3ybkfPz4ni0etULNZAo,14,image
256,"1639413792000","338.7220927556496","105081405344851",false,"606329340604942",true,"2099172886922450",MuF3ybkfPz4ni0etULNZAo,14,image
257,"1639413872000","348.0120116633716","105081405344851",false,"217468107207997",true,"2099172886922450",MuF3ybkfPz4ni0etULNZAo,14,image
258,"1639413754000","335.7719275778884","105081405344851",false,"2758008404499001",true,"2099172886922450",MuF3ybkfPz4ni0etULNZAo,14,image
259,"1639413901000","330.2617905104379","105081405344851",false,"341507101135222",true,"2099172886922450",MuF3ybkfPz4ni0etULNZAo,14,image
260,"1639413840000","347.8504176109209","105081405344851",false,"282233750609776",true,"2099172886922450",MuF3ybkfPz4ni0etULNZAo,14,image
261,"1639413878000","338.16163379960943","105081405344851",false,"484262229708881",true,"2099172886922450",MuF3ybkfPz4ni0etULNZAo,14,image
262,"1639413755000","336.34800709582566","105081405344851",false,"1294492784386466",true,"2099172886922450",MuF3ybkfPz4ni0etULNZAo,14,image
263,"1639413942000","334.83354771892743","105081405344851",false,"467699208106299",true,"2099172886922450",MuF3ybkfPz4ni0etULNZAo,14,image
264,"1639413790000","337.60868146266614","105081405344851",false,"1139279530146593",true,"2099172886922450",MuF3ybkfPz4ni0etULNZAo,14,image
265,"1639413937000","336.4315773214761","105081405344851",false,"489948269124091",true,"2099172886922450",MuF3ybkfPz4ni0etULNZAo,14,image
266,"1639413815000","343.662437933882","105081405344851",false,"3087960778112787",true,"2099172886922450",MuF3ybkfPz4ni0etULNZAo,14,image
267,"1639413742000","335.84524316553853","105081405344851",false,"246564524254797",true,"2099172886922450",MuF3ybkfPz4ni0etULNZAo,14,image
268,"1639413909000","330.0894041529602","105081405344851",false,"306801664671946",true,"2099172886922450",MuF3ybkfPz4ni0etULNZAo,14,image
269,"1639413808000","343.52712542262316","105081405344851",false,"3413985932161614",true,"2099172886922450",MuF3ybkfPz4ni0etULNZAo,14,image
270,"1639413726000","334.9522892807308","105081405344851",false,"312034844151298",true,"2099172886922450",MuF3ybkfPz4ni0etULNZAo,14,image
271,"1639413719000","331.54130071456285","105081405344851",false,"311003374268167",true,"2099172886922450",MuF3ybkfPz4ni0etULNZAo,14,image
272,"1639414009000","336.49145017378396","105081405344851",false,"474359120700007",true,"2099172886922450",MuF3ybkfPz4ni0etULNZAo,14,image
273,"1639413884000","331.14085310464554","105081405344851",false,"4663575777069091",true,"2099172886922450",MuF3ybkfPz4ni0etULNZAo,14,image
274,"1639413788000","337.0967762356877","105081405344851",false,"630560787991486",true,"2099172886922450",MuF3ybkfPz4ni0etULNZAo,14,image
275,"1639413980000","326.7352727149215","105081405344851",false,"255309696699020",true,"2099172886922450",MuF3ybkfPz4ni0etULNZAo,14,image
276,"1639413791000","338.1276516101777","105081405344851",false,"279669640870822",true,"2099172886922450",MuF3ybkfPz4ni0etULNZAo,14,image
277,"1639413975000","329.3892278053464","105081405344851",false,"1118455638693259",true,"2099172886922450",MuF3ybkfPz4ni0etULNZAo,14,image
278,"1639413807000","343.3915167744613","105081405344851",false,"491289448963914",true,"2099172886922450",MuF3ybkfPz4ni0etULNZAo,14,image
279,"1639413932000","336.5725264422147","105081405344851",false,"420429153048165",true,"2099172886922450",MuF3ybkfPz4ni0etULNZAo,14,image
280,"1639413777000","337.4595843849761","105081405344851",false,"650755375924532",true,"2099172886922450",MuF3ybkfPz4ni0etULNZAo,14,image
281,"1639414018000","338.17121023142374","105081405344851",false,"1070884446821351",true,"2099172886922450",MuF3ybkfPz4ni0etULNZAo,14,image
282,"1639413924000","335.7928514296001","105081405344851",false,"244815284431823",true,"2099172886922450",MuF3ybkfPz4ni0etULNZAo,14,image
283,"1639413793000","339.8449104383151","105081405344851",false,"635350150945792",true,"2099172886922450",MuF3ybkfPz4ni0etULNZAo,14,image
284,"1639414019000","337.9651402983072","105081405344851",false,"136801418742035",true,"2099172886922450",MuF3ybkfPz4ni0etULNZAo,14,image
285,"1639413902000","330.6910287629816","105081405344851",false,"965505734344873",true,"2099172886922450",MuF3ybkfPz4ni0etULNZAo,14,image
286,"1639413758000","337.22720608643385","105081405344851",false,"1838571969687105",true,"2099172886922450",MuF3ybkfPz4ni0etULNZAo,14,image
287,"1639413939000","336.1542758731086","105081405344851",false,"459084642392180",true,"2099172886922450",MuF3ybkfPz4ni0etULNZAo,14,image
288,"1639413797000","342.8319707197966","105081405344851",false,"441219450879413",true,"2099172886922450",MuF3ybkfPz4ni0etULNZAo,14,image
289,"1639413889000","329.84002677648954","105081405344851",false,"651868882483530",true,"2099172886922450",MuF3ybkfPz4ni0etULNZAo,14,image
290,"1639413800000","343.40980998311227","105081405344851",false,"237957288336499",true,"2099172886922450",MuF3ybkfPz4ni0etULNZAo,14,image
291,"1639413867000","348.1026897211762","105081405344851",false,"149711127410301",true,"2099172886922450",MuF3ybkfPz4ni0etULNZAo,14,image
292,"1639413848000","347.9367622784303","105081405344851",false,"631222824589073",true,"2099172886922450",MuF3ybkfPz4ni0etULNZAo,14,image
293,"1639413916000","330.58056831969344","105081405344851",false,"451013643278518",true,"2099172886922450",MuF3ybkfPz4ni0etULNZAo,14,image
294,"1639413794000","341.1681214381627","105081405344851",false,"4396194057158178",true,"2099172886922450",MuF3ybkfPz4ni0etULNZAo,14,image
295,"1639413988000","328.88132575837466","105081405344851",false,"1238296456662375",true,"2099172886922450",MuF3ybkfPz4ni0etULNZAo,14,image
296,"1639413955000","334.7394566851392","105081405344851",false,"676623017047720",true,"2099172886922450",MuF3ybkfPz4ni0etULNZAo,14,image
297,"1639413787000","336.9702736867474","105081405344851",false,"251188773784444",true,"2099172886922450",MuF3ybkfPz4ni0etULNZAo,14,image
298,"1639413899000","330.4442130720588","105081405344851",false,"4612492452169987",true,"2099172886922450",MuF3ybkfPz4ni0etULNZAo,14,image
299,"1639413852000","347.92356633770135","105081405344851",false,"331072022186035",true,"2099172886922450",MuF3ybkfPz4ni0etULNZAo,14,image
300,"1639413714000","320.7136706320873","105081405344851",false,"501357364488548",true,"2099172886922450",MuF3ybkfPz4ni0etULNZAo,14,image
301,"1639413915000","330.5668210384231","105081405344851",false,"151693907199160",true,"2099172886922450",MuF3ybkfPz4ni0etULNZAo,14,image
302,"1639413973000","331.26959934006976","105081405344851",false,"1356133368175849",true,"2099172886922450",MuF3ybkfPz4ni0etULNZAo,14,image
303,"1639413911000","329.8585930924689","105081405344851",false,"973840279874994",true,"2099172886922450",MuF3ybkfPz4ni0etULNZAo,14,image
304,"1639413876000","342.8631852904994","105081405344851",false,"897526570923990",true,"2099172886922450",MuF3ybkfPz4ni0etULNZAo,14,image
305,"1639413886000","330.6008486015934","105081405344851",false,"474355090779659",true,"2099172886922450",MuF3ybkfPz4ni0etULNZAo,14,image
306,"1639413858000","348.24366636711085","105081405344851",false,"1084659795683513",true,"2099172886922450",MuF3ybkfPz4ni0etULNZAo,14,image
307,"1639413859000","348.2713068784715","105081405344851",false,"310060587709858",true,"2099172886922450",MuF3ybkfPz4ni0etULNZAo,14,image
308,"1639993061000","96.58341907940871","105081405344851",false,"1127462261330716",true,"2099172886922450","0Yl3AprXznFJ784iVy9cmx",14,image
309,"1639993046000","145.40582188113444","105081405344851",false,"336627048286188",true,"2099172886922450","0Yl3AprXznFJ784iVy9cmx",14,image
310,"1639993027000","142.42885137823026","105081405344851",false,"247735510821845",true,"2099172886922450","0Yl3AprXznFJ784iVy9cmx",14,image
311,"1639412505000","0","105081405344851",false,"112579591283662",true,"2099172886922450",7mSigd8X0DqBA61Q9EGjtU,14,image
312,"1639993044000","152.23252307133123","105081405344851",false,"1046096999270431",true,"2099172886922450","0Yl3AprXznFJ784iVy9cmx",14,image
313,"1639993067000","97.83650430900354","105081405344851",false,"220272263513369",true,"2099172886922450","0Yl3AprXznFJ784iVy9cmx",14,image
314,"1639412491000","282.2599246480216","105081405344851",false,"627724448467255",true,"2099172886922450",7mSigd8X0DqBA61Q9EGjtU,14,image
315,"1639993037000","153.05473391178543","105081405344851",false,"738073007583895",true,"2099172886922450","0Yl3AprXznFJ784iVy9cmx",14,image
316,"1639412479000","282.4122209834965","105081405344851",false,"767773551285176",true,"2099172886922450",7mSigd8X0DqBA61Q9EGjtU,14,image
317,"1639993033000","152.4597962882532","105081405344851",false,"618848452778235",true,"2099172886922450","0Yl3AprXznFJ784iVy9cmx",14,image
318,"1639993007000","144.96500077186136","105081405344851",false,"462407905233694",true,"2099172886922450","0Yl3AprXznFJ784iVy9cmx",14,image
319,"1639412504000","296.19308412139975","105081405344851",false,"602963507601598",true,"2099172886922450",7mSigd8X0DqBA61Q9EGjtU,14,image
320,"1639412494000","281.89600795042617","105081405344851",false,"352768203321668",true,"2099172886922450",7mSigd8X0DqBA61Q9EGjtU,14,image
321,"1639993064000","97.05873637595522","105081405344851",false,"465323078460339",true,"2099172886922450","0Yl3AprXznFJ784iVy9cmx",14,image
322,"1639993057000","98.06124122409375","105081405344851",false,"687780839261645",true,"2099172886922450","0Yl3AprXznFJ784iVy9cmx",14,image
323,"1639412488000","282.2565373227201","105081405344851",false,"446857197035210",true,"2099172886922450",7mSigd8X0DqBA61Q9EGjtU,14,image
324,"1639412483000","282.51420372337674","105081405344851",false,"1526712474372832",true,"2099172886922450",7mSigd8X0DqBA61Q9EGjtU,14,image
325,"1639412496000","282.21122109652043","105081405344851",false,"3074582372801110",true,"2099172886922450",7mSigd8X0DqBA61Q9EGjtU,14,image
326,"1639412492000","282.0521973406382","105081405344851",false,"128030996344876",true,"2099172886922450",7mSigd8X0DqBA61Q9EGjtU,14,image
327,"1639993015000","103.95775635154433","105081405344851",false,"467050428420109",true,"2099172886922450","0Yl3AprXznFJ784iVy9cmx",14,image
328,"1639412495000","281.802084069966","105081405344851",false,"206943124973164",true,"2099172886922450",7mSigd8X0DqBA61Q9EGjtU,14,image
329,"1639993024000","130.41422405638207","105081405344851",false,"906244030263343",true,"2099172886922450","0Yl3AprXznFJ784iVy9cmx",14,image
330,"1639993023000","124.82542008232832","105081405344851",false,"497052908356849",true,"2099172886922450","0Yl3AprXznFJ784iVy9cmx",14,image
331,"1639412534000","281.5729963165804","105081405344851",false,"893348804714483",true,"2099172886922450",7mSigd8X0DqBA61Q9EGjtU,14,image
332,"1639412520000","284.08827668073855","105081405344851",false,"1158948284929197",true,"2099172886922450",7mSigd8X0DqBA61Q9EGjtU,14,image
333,"1639993052000","98.62628655025856","105081405344851",false,"451754973080751",true,"2099172886922450","0Yl3AprXznFJ784iVy9cmx",14,image
334,"1639412579000","282.17770909599847","105081405344851",false,"1098696500948637",true,"2099172886922450",7mSigd8X0DqBA61Q9EGjtU,14,image
335,"1639993022000","118.81636926502551","105081405344851",false,"308935944465199",true,"2099172886922450","0Yl3AprXznFJ784iVy9cmx",14,image
336,"1639992988000","184.97241007569173","105081405344851",false,"1030223681042047",true,"2099172886922450","0Yl3AprXznFJ784iVy9cmx",14,image
337,"1639412545000","281.863958750451","105081405344851",false,"3137594823141975",true,"2099172886922450",7mSigd8X0DqBA61Q9EGjtU,14,image
338,"1639412566000","282.00427287319707","105081405344851",false,"243456884567086",true,"2099172886922450",7mSigd8X0DqBA61Q9EGjtU,14,image
339,"1639412542000","280.5235867530945","105081405344851",false,"278741337562158",true,"2099172886922450",7mSigd8X0DqBA61Q9EGjtU,14,image
340,"1639412540000","280.6463688271047","105081405344851",false,"158754916475450",true,"2099172886922450",7mSigd8X0DqBA61Q9EGjtU,14,image
341,"1639412576000","280.56593805045816","105081405344851",false,"454837436212026",true,"2099172886922450",7mSigd8X0DqBA61Q9EGjtU,14,image
342,"1639412510000","309.84026046193947","105081405344851",false,"307517027938608",true,"2099172886922450",7mSigd8X0DqBA61Q9EGjtU,14,image
343,"1639412561000","281.1488066577732","105081405344851",false,"953893875213938",true,"2099172886922450",7mSigd8X0DqBA61Q9EGjtU,14,image
344,"1639412560000","281.5951899512846","105081405344851",false,"691067201880949",true,"2099172886922450",7mSigd8X0DqBA61Q9EGjtU,14,image
345,"1639412593000","281.4425430638282","105081405344851",false,"886171128735204",true,"2099172886922450",7mSigd8X0DqBA61Q9EGjtU,14,image
346,"1639412624000","310.80241812792303","105081405344851",false,"1232955537232129",true,"2099172886922450",7mSigd8X0DqBA61Q9EGjtU,14,image
347,"1639412587000","281.1326375718953","105081405344851",false,"136974792047851",true,"2099172886922450",7mSigd8X0DqBA61Q9EGjtU,14,image
348,"1639412537000","281.0845037890463","105081405344851",false,"2979307055664119",true,"2099172886922450",7mSigd8X0DqBA61Q9EGjtU,14,image
349,"1639993014000","104.31054128567223","105081405344851",false,"502605024389594",true,"2099172886922450","0Yl3AprXznFJ784iVy9cmx",14,image
350,"1639993002000","184.91186430457643","105081405344851",false,"225697499745226",true,"2099172886922450","0Yl3AprXznFJ784iVy9cmx",14,image
351,"1639993011000","104.10731016567411","105081405344851",false,"426492345844092",true,"2099172886922450","0Yl3AprXznFJ784iVy9cmx",14,image
352,"1639412517000","280.89627136105514","105081405344851",false,"922782881703859",true,"2099172886922450",7mSigd8X0DqBA61Q9EGjtU,14,image
353,"1639412516000","280.84459070060353","105081405344851",false,"4698487970198219",true,"2099172886922450",7mSigd8X0DqBA61Q9EGjtU,14,image
354,"1639412481000","282.16766116069357","105081405344851",false,"449095886801439",true,"2099172886922450",7mSigd8X0DqBA61Q9EGjtU,14,image
355,"1639993028000","147.19033936877008","105081405344851",false,"451801763081787",true,"2099172886922450","0Yl3AprXznFJ784iVy9cmx",14,image
356,"1639412582000","282.234624397433","105081405344851",false,"999850737543886",true,"2099172886922450",7mSigd8X0DqBA61Q9EGjtU,14,image
357,"1639412509000","314.2637773021768","105081405344851",false,"285868753597060",true,"2099172886922450",7mSigd8X0DqBA61Q9EGjtU,14,image
358,"1639993017000","103.86991688879397","105081405344851",false,"304590154915150",true,"2099172886922450","0Yl3AprXznFJ784iVy9cmx",14,image
359,"1639412519000","282.8554538293047","105081405344851",false,"148516227527556",true,"2099172886922450",7mSigd8X0DqBA61Q9EGjtU,14,image
360,"1639992994000","184.9119844256702","105081405344851",false,"620133982648357",true,"2099172886922450","0Yl3AprXznFJ784iVy9cmx",14,image
361,"1639412598000","281.16322474246385","105081405344851",false,"3077847889094155",true,"2099172886922450",7mSigd8X0DqBA61Q9EGjtU,14,image
362,"1639412623000","305.9586970780062","105081405344851",false,"136768298748554",true,"2099172886922450",7mSigd8X0DqBA61Q9EGjtU,14,image
363,"1639412484000","282.69772448319037","105081405344851",false,"462259651999210",true,"2099172886922450",7mSigd8X0DqBA61Q9EGjtU,14,image
364,"1639412552000","281.7948553400806","105081405344851",false,"618118142842631",true,"2099172886922450",7mSigd8X0DqBA61Q9EGjtU,14,image
365,"1639412489000","282.284177379542","105081405344851",false,"243118974559585",true,"2099172886922450",7mSigd8X0DqBA61Q9EGjtU,14,image
366,"1639412613000","301.5552143830856","105081405344851",false,"445056953907355",true,"2099172886922450",7mSigd8X0DqBA61Q9EGjtU,14,image
367,"1639412548000","281.388792355929","105081405344851",false,"330675492213525",true,"2099172886922450",7mSigd8X0DqBA61Q9EGjtU,14,image
368,"1639412600000","281.1979638012858","105081405344851",false,"953152371950872",true,"2099172886922450",7mSigd8X0DqBA61Q9EGjtU,14,image
369,"1639412538000","280.8182063660124","105081405344851",false,"604488833942160",true,"2099172886922450",7mSigd8X0DqBA61Q9EGjtU,14,image
370,"1639412518000","281.741856702846","105081405344851",false,"1088027615355348",true,"2099172886922450",7mSigd8X0DqBA61Q9EGjtU,14,image
371,"1639412615000","302.0408650965389","105081405344851",false,"215009367467907",true,"2099172886922450",7mSigd8X0DqBA61Q9EGjtU,14,image
372,"1639412618000","301.96965897298634","105081405344851",false,"966727644197538",true,"2099172886922450",7mSigd8X0DqBA61Q9EGjtU,14,image
373,"1639412567000","0","105081405344851",false,"1541958276184848",true,"2099172886922450",7mSigd8X0DqBA61Q9EGjtU,14,image
374,"1639412555000","282.10933329959374","105081405344851",false,"663932291313322",true,"2099172886922450",7mSigd8X0DqBA61Q9EGjtU,14,image
375,"1639993051000","100.59379122104127","105081405344851",false,"1239042046603891",true,"2099172886922450","0Yl3AprXznFJ784iVy9cmx",14,image
376,"1639412592000","281.73061486749606","105081405344851",false,"6659538490785860",true,"2099172886922450",7mSigd8X0DqBA61Q9EGjtU,14,image
377,"1639993010000","105.84800589163342","105081405344851",false,"1114854412617260",true,"2099172886922450","0Yl3AprXznFJ784iVy9cmx",14,image
378,"1639412718000","353.8800750363175","105081405344851",false,"502552924357078",true,"2099172886922450",7mSigd8X0DqBA61Q9EGjtU,14,image
379,"1639412525000","282.24149850074633","105081405344851",false,"1095091711236026",true,"2099172886922450",7mSigd8X0DqBA61Q9EGjtU,14,image
380,"1639412603000","282.3231046776969","105081405344851",false,"970423447160557",true,"2099172886922450",7mSigd8X0DqBA61Q9EGjtU,14,image
381,"1639412662000","327.5071302791888","105081405344851",false,"3039000063009056",true,"2099172886922450",7mSigd8X0DqBA61Q9EGjtU,14,image
382,"1639412523000","282.96849956361416","105081405344851",false,"1554240271610523",true,"2099172886922450",7mSigd8X0DqBA61Q9EGjtU,14,image
383,"1639412512000","297.0262354169097","105081405344851",false,"313926053967144",true,"2099172886922450",7mSigd8X0DqBA61Q9EGjtU,14,image
384,"1639412716000","352.4087608947594","105081405344851",false,"978573589723163",true,"2099172886922450",7mSigd8X0DqBA61Q9EGjtU,14,image
385,"1639412595000","281.5593057601319","105081405344851",false,"653114889039495",true,"2099172886922450",7mSigd8X0DqBA61Q9EGjtU,14,image
386,"1639412668000","326.2075349054374","105081405344851",false,"931279494425040",true,"2099172886922450",7mSigd8X0DqBA61Q9EGjtU,14,image
387,"1639412616000","301.9631592537881","105081405344851",false,"490158895876024",true,"2099172886922450",7mSigd8X0DqBA61Q9EGjtU,14,image
388,"1639412767000","339.665627313521","105081405344851",false,"4538078409580874",true,"2099172886922450",7mSigd8X0DqBA61Q9EGjtU,14,image
389,"1639412715000","351.0549581058169","105081405344851",false,"1538471886506698",true,"2099172886922450",7mSigd8X0DqBA61Q9EGjtU,14,image
390,"1639412568000","0","105081405344851",false,"636696487692983",true,"2099172886922450",7mSigd8X0DqBA61Q9EGjtU,14,image
391,"1639412708000","346.7028161369995","105081405344851",false,"681912699468581",true,"2099172886922450",7mSigd8X0DqBA61Q9EGjtU,14,image
392,"1639412744000","332.7338689247479","105081405344851",false,"998875644308512",true,"2099172886922450",7mSigd8X0DqBA61Q9EGjtU,14,image
393,"1639412703000","346.2850473705997","105081405344851",false,"1518745311831388",true,"2099172886922450",7mSigd8X0DqBA61Q9EGjtU,14,image
394,"1639412564000","281.72870345468607","105081405344851",false,"484308906698442",true,"2099172886922450",7mSigd8X0DqBA61Q9EGjtU,14,image
395,"1639412759000","338.2596591948052","105081405344851",false,"280066994093926",true,"2099172886922450",7mSigd8X0DqBA61Q9EGjtU,14,image
396,"1639412659000","328.3282918818436","105081405344851",false,"634676337727795",true,"2099172886922450",7mSigd8X0DqBA61Q9EGjtU,14,image
397,"1639412557000","282.2619175779606","105081405344851",false,"458112445806653",true,"2099172886922450",7mSigd8X0DqBA61Q9EGjtU,14,image
398,"1639412746000","333.2519628222455","105081405344851",false,"334892865306223",true,"2099172886922450",7mSigd8X0DqBA61Q9EGjtU,14,image
399,"1639412529000","281.2514071449481","105081405344851",false,"109693341531117",true,"2099172886922450",7mSigd8X0DqBA61Q9EGjtU,14,image
400,"1639993000000","184.9122797125175","105081405344851",false,"140749604996697",true,"2099172886922450","0Yl3AprXznFJ784iVy9cmx",14,image
401,"1639412798000","259.7115507389852","105081405344851",false,"4539688906126385",true,"2099172886922450",7mSigd8X0DqBA61Q9EGjtU,14,image
402,"1639412698000","346.72019585262365","105081405344851",false,"663639481669835",true,"2099172886922450",7mSigd8X0DqBA61Q9EGjtU,14,image
403,"1639412572000","283.60862126634936","105081405344851",false,"684501422534582",true,"2099172886922450",7mSigd8X0DqBA61Q9EGjtU,14,image
404,"1639412507000","318.47087034019404","105081405344851",false,"891689304876901",true,"2099172886922450",7mSigd8X0DqBA61Q9EGjtU,14,image
405,"1639412754000","336.5601630111228","105081405344851",false,"214013067584954",true,"2099172886922450",7mSigd8X0DqBA61Q9EGjtU,14,image
406,"1639412674000","326.9033597270176","105081405344851",false,"1320872475097220",true,"2099172886922450",7mSigd8X0DqBA61Q9EGjtU,14,image
407,"1639412522000","283.9521909090298","105081405344851",false,"128117513003406",true,"2099172886922450",7mSigd8X0DqBA61Q9EGjtU,14,image
408,"1639412750000","334.9374195143247","105081405344851",false,"1073170436829623",true,"2099172886922450",7mSigd8X0DqBA61Q9EGjtU,14,image
409,"1639412712000","347.6431941540412","105081405344851",false,"254152269997111",true,"2099172886922450",7mSigd8X0DqBA61Q9EGjtU,14,image
410,"1639412551000","282.08115167007963","105081405344851",false,"290282773049371",true,"2099172886922450",7mSigd8X0DqBA61Q9EGjtU,14,image
411,"1639412663000","326.7962557494957","105081405344851",false,"246954437519544",true,"2099172886922450",7mSigd8X0DqBA61Q9EGjtU,14,image
412,"1639412584000","282.0412053766945","105081405344851",false,"611491003396126",true,"2099172886922450",7mSigd8X0DqBA61Q9EGjtU,14,image
413,"1639412621000","302.46587234568096","105081405344851",false,"127040286451535",true,"2099172886922450",7mSigd8X0DqBA61Q9EGjtU,14,image
414,"1639412742000","332.54166225623095","105081405344851",false,"444797427107871",true,"2099172886922450",7mSigd8X0DqBA61Q9EGjtU,14,image
415,"1639412702000","346.49946646661266","105081405344851",false,"1115500399219423",true,"2099172886922450",7mSigd8X0DqBA61Q9EGjtU,14,image
416,"1639412585000","281.5406903911712","105081405344851",false,"149445247424227",true,"2099172886922450",7mSigd8X0DqBA61Q9EGjtU,14,image
417,"1639412673000","326.78478345112745","105081405344851",false,"403628671447421",true,"2099172886922450",7mSigd8X0DqBA61Q9EGjtU,14,image
418,"1639412596000","281.7014275863047","105081405344851",false,"404864978091214",true,"2099172886922450",7mSigd8X0DqBA61Q9EGjtU,14,image
419,"1639412501000","289.60503177304423","105081405344851",false,"891740651540936",true,"2099172886922450",7mSigd8X0DqBA61Q9EGjtU,14,image
420,"1639412755000","336.8759809459064","105081405344851",false,"312748170859617",true,"2099172886922450",7mSigd8X0DqBA61Q9EGjtU,14,image
421,"1639412604000","283.15484152966087","105081405344851",false,"612505189958092",true,"2099172886922450",7mSigd8X0DqBA61Q9EGjtU,14,image
422,"1639412771000","339.5604601778462","105081405344851",false,"294148265980096",true,"2099172886922450",7mSigd8X0DqBA61Q9EGjtU,14,image
423,"1639412636000","322.55095302027115","105081405344851",false,"324296159546693",true,"2099172886922450",7mSigd8X0DqBA61Q9EGjtU,14,image
424,"1639412610000","301.868839836125","105081405344851",false,"419342659646050",true,"2099172886922450",7mSigd8X0DqBA61Q9EGjtU,14,image
425,"1639993030000","151.2336505741332","105081405344851",false,"3018770678418406",true,"2099172886922450","0Yl3AprXznFJ784iVy9cmx",14,image
426,"1639412795000","324.0040199211644","105081405344851",false,"471324471003038",true,"2099172886922450",7mSigd8X0DqBA61Q9EGjtU,14,image
427,"1639412660000","328.21649887267","105081405344851",false,"493886855493663",true,"2099172886922450",7mSigd8X0DqBA61Q9EGjtU,14,image
428,"1639412581000","281.568287195526","105081405344851",false,"271204141645794",true,"2099172886922450",7mSigd8X0DqBA61Q9EGjtU,14,image
429,"1639993048000","124.90086825001686","105081405344851",false,"612822963276592",true,"2099172886922450","0Yl3AprXznFJ784iVy9cmx",14,image
430,"1639412761000","339.33125249883955","105081405344851",false,"111116464654493",true,"2099172886922450",7mSigd8X0DqBA61Q9EGjtU,14,image
431,"1639412672000","326.44428843793787","105081405344851",false,"330403815572404",true,"2099172886922450",7mSigd8X0DqBA61Q9EGjtU,14,image
432,"1639412570000","0","105081405344851",false,"359625095969861",true,"2099172886922450",7mSigd8X0DqBA61Q9EGjtU,14,image
433,"1639412638000","329.24862641985123","105081405344851",false,"593727008580918",true,"2099172886922450",7mSigd8X0DqBA61Q9EGjtU,14,image
434,"1639412594000","281.38659704913346","105081405344851",false,"317851400345150",true,"2099172886922450",7mSigd8X0DqBA61Q9EGjtU,14,image
435,"1639412787000","4.483606903625514","105081405344851",false,"672080174149966",true,"2099172886922450",7mSigd8X0DqBA61Q9EGjtU,14,image
436,"1639412697000","346.7235127813947","105081405344851",false,"2268018253340784",true,"2099172886922450",7mSigd8X0DqBA61Q9EGjtU,14,image
437,"1639412601000","281.4964201757772","105081405344851",false,"416434503597782",true,"2099172886922450",7mSigd8X0DqBA61Q9EGjtU,14,image
438,"1639412785000","356.5698417674165","105081405344851",false,"629552788247269",true,"2099172886922450",7mSigd8X0DqBA61Q9EGjtU,14,image
439,"1639412630000","282.49636512235696","105081405344851",false,"220090713611997",true,"2099172886922450",7mSigd8X0DqBA61Q9EGjtU,14,image
440,"1639412602000","281.7381360905849","105081405344851",false,"934485674108009",true,"2099172886922450",7mSigd8X0DqBA61Q9EGjtU,14,image
441,"1639412732000","340.62050684744565","105081405344851",false,"3065025610440064",true,"2099172886922450",7mSigd8X0DqBA61Q9EGjtU,14,image
442,"1639412635000","319.4662163009404","105081405344851",false,"450672236616441",true,"2099172886922450",7mSigd8X0DqBA61Q9EGjtU,14,image
443,"1639412573000","284.3165064118798","105081405344851",false,"1794844474043556",true,"2099172886922450",7mSigd8X0DqBA61Q9EGjtU,14,image
444,"1639412514000","286.0702603923804","105081405344851",false,"2169209933242258",true,"2099172886922450",7mSigd8X0DqBA61Q9EGjtU,14,image
445,"1639412776000","339.9373681429786","105081405344851",false,"975428013406195",true,"2099172886922450",7mSigd8X0DqBA61Q9EGjtU,14,image
446,"1639412652000","328.4253060668899","105081405344851",false,"439044554500095",true,"2099172886922450",7mSigd8X0DqBA61Q9EGjtU,14,image
447,"1639412539000","280.61760964078195","105081405344851",false,"594744428426813",true,"2099172886922450",7mSigd8X0DqBA61Q9EGjtU,14,image
448,"1639412620000","302.184960376792","105081405344851",false,"293083122777938",true,"2099172886922450",7mSigd8X0DqBA61Q9EGjtU,14,image
449,"1639412736000","334.6611762837193","105081405344851",false,"601152677859305",true,"2099172886922450",7mSigd8X0DqBA61Q9EGjtU,14,image
450,"1639412670000","326.4322433195981","105081405344851",false,"311616130841457",true,"2099172886922450",7mSigd8X0DqBA61Q9EGjtU,14,image
451,"1639412580000","281.55483325649664","105081405344851",false,"634021334406239",true,"2099172886922450",7mSigd8X0DqBA61Q9EGjtU,14,image
452,"1639412511000","303.33177742228224","105081405344851",false,"285974520245585",true,"2099172886922450",7mSigd8X0DqBA61Q9EGjtU,14,image
453,"1639412690000","343.1187898100176","105081405344851",false,"1093664588057398",true,"2099172886922450",7mSigd8X0DqBA61Q9EGjtU,14,image
454,"1639412801000","276.0745229562957","105081405344851",false,"1146464749217811",true,"2099172886922450",7mSigd8X0DqBA61Q9EGjtU,14,image
455,"1639412719000","353.8997743423879","105081405344851",false,"701966710772462",true,"2099172886922450",7mSigd8X0DqBA61Q9EGjtU,14,image
456,"1639412608000","296.4441741408994","105081405344851",false,"469005837919642",true,"2099172886922450",7mSigd8X0DqBA61Q9EGjtU,14,image
457,"1639412745000","333.12060246781624","105081405344851",false,"892204698111317",true,"2099172886922450",7mSigd8X0DqBA61Q9EGjtU,14,image
458,"1639412657000","328.62909860000934","105081405344851",false,"314400370561708",true,"2099172886922450",7mSigd8X0DqBA61Q9EGjtU,14,image
459,"1639412536000","281.30246715018035","105081405344851",false,"1124806911680178",true,"2099172886922450",7mSigd8X0DqBA61Q9EGjtU,14,image
460,"1639993035000","152.55988854609086","105081405344851",false,"503516414260669",true,"2099172886922450","0Yl3AprXznFJ784iVy9cmx",14,image
461,"1639412611000","302.01864519217713","105081405344851",false,"642749873420202",true,"2099172886922450",7mSigd8X0DqBA61Q9EGjtU,14,image
462,"1639412679000","328.74885290352546","105081405344851",false,"1250468572031356",true,"2099172886922450",7mSigd8X0DqBA61Q9EGjtU,14,image
463,"1639412521000","284.84693317825383","105081405344851",false,"442276394152232",true,"2099172886922450",7mSigd8X0DqBA61Q9EGjtU,14,image
464,"1639412627000","317.6406869862441","105081405344851",false,"193591342974726",true,"2099172886922450",7mSigd8X0DqBA61Q9EGjtU,14,image
465,"1639412559000","281.9936937010861","105081405344851",false,"418912016687101",true,"2099172886922450",7mSigd8X0DqBA61Q9EGjtU,14,image
466,"1639412774000","339.4713664288533","105081405344851",false,"1234575563734219",true,"2099172886922450",7mSigd8X0DqBA61Q9EGjtU,14,image
467,"1639412667000","326.1034520447984","105081405344851",false,"481362836816810",true,"2099172886922450",7mSigd8X0DqBA61Q9EGjtU,14,image
468,"1639412588000","281.5762786905158","105081405344851",false,"335119724823208",true,"2099172886922450",7mSigd8X0DqBA61Q9EGjtU,14,image
469,"1639412752000","336.4427137966083","105081405344851",false,"695467888119314",true,"2099172886922450",7mSigd8X0DqBA61Q9EGjtU,14,image
470,"1639412590000","281.6180879313331","105081405344851",false,"702280147849442",true,"2099172886922450",7mSigd8X0DqBA61Q9EGjtU,14,image
471,"1639412643000","331.1967144731955","105081405344851",false,"671469470928994",true,"2099172886922450",7mSigd8X0DqBA61Q9EGjtU,14,image
472,"1639412553000","281.64868574642867","105081405344851",false,"650145812673724",true,"2099172886922450",7mSigd8X0DqBA61Q9EGjtU,14,image
473,"1639412688000","340.177361218714","105081405344851",false,"280507857470582",true,"2099172886922450",7mSigd8X0DqBA61Q9EGjtU,14,image
474,"1639412599000","280.9063169136578","105081405344851",false,"638643547265050",true,"2099172886922450",7mSigd8X0DqBA61Q9EGjtU,14,image
475,"1639412794000","347.1856616696912","105081405344851",false,"468190147985914",true,"2099172886922450",7mSigd8X0DqBA61Q9EGjtU,14,image
476,"1639412692000","345.21621779957695","105081405344851",false,"1586314625055416",true,"2099172886922450",7mSigd8X0DqBA61Q9EGjtU,14,image
477,"1639412524000","282.4810689604672","105081405344851",false,"134903498968576",true,"2099172886922450",7mSigd8X0DqBA61Q9EGjtU,14,image
478,"1639412565000","281.67458040761244","105081405344851",false,"646808113015071",true,"2099172886922450",7mSigd8X0DqBA61Q9EGjtU,14,image
479,"1639412508000","314.00396510054327","105081405344851",false,"1012867119266025",true,"2099172886922450",7mSigd8X0DqBA61Q9EGjtU,14,image
480,"1639412651000","328.7834312507563","105081405344851",false,"1078975499593611",true,"2099172886922450",7mSigd8X0DqBA61Q9EGjtU,14,image
481,"1639412605000","286.0098895047175","105081405344851",false,"117664570589917",true,"2099172886922450",7mSigd8X0DqBA61Q9EGjtU,14,image
482,"1639412731000","341.9310511053646","105081405344851",false,"211351901184281",true,"2099172886922450",7mSigd8X0DqBA61Q9EGjtU,14,image
483,"1639412687000","339.040741094182","105081405344851",false,"660978741934673",true,"2099172886922450",7mSigd8X0DqBA61Q9EGjtU,14,image
484,"1639412543000","280.66442502687045","105081405344851",false,"256798089882986",true,"2099172886922450",7mSigd8X0DqBA61Q9EGjtU,14,image
485,"1639412747000","333.1693449102201","105081405344851",false,"1578678815830657",true,"2099172886922450",7mSigd8X0DqBA61Q9EGjtU,14,image
486,"1639412686000","338.16341776844143","105081405344851",false,"220616236910683",true,"2099172886922450",7mSigd8X0DqBA61Q9EGjtU,14,image
487,"1639412591000","281.8777540220844","105081405344851",false,"7164820196863214",true,"2099172886922450",7mSigd8X0DqBA61Q9EGjtU,14,image
488,"1639993039000","153.30514187797894","105081405344851",false,"624513478860672",true,"2099172886922450","0Yl3AprXznFJ784iVy9cmx",14,image
489,"1639412562000","281.3190935439154","105081405344851",false,"453590109707635",true,"2099172886922450",7mSigd8X0DqBA61Q9EGjtU,14,image
490,"1639993018000","104.47333809010064","105081405344851",false,"445733803705011",true,"2099172886922450","0Yl3AprXznFJ784iVy9cmx",14,image
491,"1639412729000","344.95090977798964","105081405344851",false,"304554001585925",true,"2099172886922450",7mSigd8X0DqBA61Q9EGjtU,14,image
492,"1639412685000","337.19127035016186","105081405344851",false,"661072228602498",true,"2099172886922450",7mSigd8X0DqBA61Q9EGjtU,14,image
493,"1639412619000","302.2452325701988","105081405344851",false,"605315650726478",true,"2099172886922450",7mSigd8X0DqBA61Q9EGjtU,14,image
494,"1639412486000","282.30651225166514","105081405344851",false,"599542031331375",true,"2099172886922450",7mSigd8X0DqBA61Q9EGjtU,14,image
495,"1639412723000","352.4758449188482","105081405344851",false,"968408253756902",true,"2099172886922450",7mSigd8X0DqBA61Q9EGjtU,14,image
496,"1639412625000","319.8124339916217","105081405344851",false,"300363348535376",true,"2099172886922450",7mSigd8X0DqBA61Q9EGjtU,14,image
497,"1639412569000","0","105081405344851",false,"2148670405282417",true,"2099172886922450",7mSigd8X0DqBA61Q9EGjtU,14,image
498,"1639412612000","301.401944813089","105081405344851",false,"1062675911196713",true,"2099172886922450",7mSigd8X0DqBA61Q9EGjtU,14,image
499,"1639412775000","339.72452822351653","105081405344851",false,"393033202569149",true,"2099172886922450",7mSigd8X0DqBA61Q9EGjtU,14,image
500,"1639412544000","281.6105256557405","105081405344851",false,"628714804983616",true,"2099172886922450",7mSigd8X0DqBA61Q9EGjtU,14,image
501,"1639412765000","339.865537340399","105081405344851",false,"728546131454707",true,"2099172886922450",7mSigd8X0DqBA61Q9EGjtU,14,image
502,"1639412583000","282.23748193797735","105081405344851",false,"1349229082183329",true,"2099172886922450",7mSigd8X0DqBA61Q9EGjtU,14,image
503,"1639412513000","291.48861179710053","105081405344851",false,"198986692449892",true,"2099172886922450",7mSigd8X0DqBA61Q9EGjtU,14,image
504,"1639412786000","0.6632629899798417","105081405344851",false,"1041430496405681",true,"2099172886922450",7mSigd8X0DqBA61Q9EGjtU,14,image
505,"1639412634000","315.1902622933518","105081405344851",false,"179710077680724",true,"2099172886922450",7mSigd8X0DqBA61Q9EGjtU,14,image
506,"1639412527000","281.66426911742684","105081405344851",false,"441614554083190",true,"2099172886922450",7mSigd8X0DqBA61Q9EGjtU,14,image
507,"1639993069000","96.83597130873562","105081405344851",false,"643035826838929",true,"2099172886922450","0Yl3AprXznFJ784iVy9cmx",14,image
508,"1639412800000","262.08953802519693","105081405344851",false,"306426131370451",true,"2099172886922450",7mSigd8X0DqBA61Q9EGjtU,14,image
509,"1639412717000","353.5177685932353","105081405344851",false,"621100482429623",true,"2099172886922450",7mSigd8X0DqBA61Q9EGjtU,14,image
510,"1639412563000","281.5946074579194","105081405344851",false,"630900544778107",true,"2099172886922450",7mSigd8X0DqBA61Q9EGjtU,14,image
511,"1639412515000","282.41759496885845","105081405344851",false,"648945949569058",true,"2099172886922450",7mSigd8X0DqBA61Q9EGjtU,14,image
512,"1639412713000","348.62019335201654","105081405344851",false,"228339766116990",true,"2099172886922450",7mSigd8X0DqBA61Q9EGjtU,14,image
513,"1639412526000","281.6598594477526","105081405344851",false,"454303436295384",true,"2099172886922450",7mSigd8X0DqBA61Q9EGjtU,14,image
514,"1639412597000","281.672634134277","105081405344851",false,"115677057474739",true,"2099172886922450",7mSigd8X0DqBA61Q9EGjtU,14,image
515,"1639993063000","96.91006012940949","105081405344851",false,"686164325703036",true,"2099172886922450","0Yl3AprXznFJ784iVy9cmx",14,image
516,"1639412790000","34.8945657088002","105081405344851",false,"582509602848731",true,"2099172886922450",7mSigd8X0DqBA61Q9EGjtU,14,image
517,"1639412558000","282.01338240538814","105081405344851",false,"1105269753641526",true,"2099172886922450",7mSigd8X0DqBA61Q9EGjtU,14,image
518,"1639412506000","318.60020519029985","105081405344851",false,"905280457017775",true,"2099172886922450",7mSigd8X0DqBA61Q9EGjtU,14,image
519,"1639412681000","331.81172195272103","105081405344851",false,"1066775984113733",true,"2099172886922450",7mSigd8X0DqBA61Q9EGjtU,14,image
520,"1639412532000","281.71078193940696","105081405344851",false,"497345794932353",true,"2099172886922450",7mSigd8X0DqBA61Q9EGjtU,14,image
521,"1639993042000","153.04004863546902","105081405344851",false,"288546046439821",true,"2099172886922450","0Yl3AprXznFJ784iVy9cmx",14,image
522,"1639412671000","326.418100199632","105081405344851",false,"414488647042769",true,"2099172886922450",7mSigd8X0DqBA61Q9EGjtU,14,image
523,"1639412617000","301.8950242335239","105081405344851",false,"496433881729484",true,"2099172886922450",7mSigd8X0DqBA61Q9EGjtU,14,image
524,"1639993066000","97.55337937963554","105081405344851",false,"2491386190993184",true,"2099172886922450","0Yl3AprXznFJ784iVy9cmx",14,image
525,"1639412640000","331.0790316411912","105081405344851",false,"242258941323883",true,"2099172886922450",7mSigd8X0DqBA61Q9EGjtU,14,image
526,"1639412586000","0","105081405344851",false,"137987751949533",true,"2099172886922450",7mSigd8X0DqBA61Q9EGjtU,14,image
527,"1639412478000","283.0569181759531","105081405344851",false,"951441402422323",true,"2099172886922450",7mSigd8X0DqBA61Q9EGjtU,14,image
528,"1639412614000","302.2388318833511","105081405344851",false,"151517160541940",true,"2099172886922450",7mSigd8X0DqBA61Q9EGjtU,14,image
529,"1639412797000","279.34904942797374","105081405344851",false,"1090398621812689",true,"2099172886922450",7mSigd8X0DqBA61Q9EGjtU,14,image
530,"1639412633000","308.3820481467425","105081405344851",false,"136237958795760",true,"2099172886922450",7mSigd8X0DqBA61Q9EGjtU,14,image
531,"1639412533000","281.76990871828747","105081405344851",false,"4670313029703081",true,"2099172886922450",7mSigd8X0DqBA61Q9EGjtU,14,image
532,"1639412738000","333.17591834748725","105081405344851",false,"3140202846264845",true,"2099172886922450",7mSigd8X0DqBA61Q9EGjtU,14,image
533,"1639412711000","346.88075005490776","105081405344851",false,"437346651207636",true,"2099172886922450",7mSigd8X0DqBA61Q9EGjtU,14,image
534,"1639993054000","96.6316142865316","105081405344851",false,"286318060219719",true,"2099172886922450","0Yl3AprXznFJ784iVy9cmx",14,image
535,"1639412725000","350.507599594047","105081405344851",false,"313854167274618",true,"2099172886922450",7mSigd8X0DqBA61Q9EGjtU,14,image
536,"1639412528000","281.4382259670922","105081405344851",false,"114570037744119",true,"2099172886922450",7mSigd8X0DqBA61Q9EGjtU,14,image
537,"1639412550000","281.8340203103595","105081405344851",false,"5046555855362872",true,"2099172886922450",7mSigd8X0DqBA61Q9EGjtU,14,image
538,"1639412743000","332.3677232542401","105081405344851",false,"575121403899009",true,"2099172886922450",7mSigd8X0DqBA61Q9EGjtU,14,image
539,"1639412701000","346.77462219040183","105081405344851",false,"452273956276485",true,"2099172886922450",7mSigd8X0DqBA61Q9EGjtU,14,image
540,"1639412554000","281.74163921805973","105081405344851",false,"962225641396506",true,"2099172886922450",7mSigd8X0DqBA61Q9EGjtU,14,image
541,"1639412693000","345.4626384741464","105081405344851",false,"304776574895523",true,"2099172886922450",7mSigd8X0DqBA61Q9EGjtU,14,image
542,"1639412549000","281.1827440082975","105081405344851",false,"925347818096320",true,"2099172886922450",7mSigd8X0DqBA61Q9EGjtU,14,image
543,"1639412589000","281.51081586768953","105081405344851",false,"340075394240368",true,"2099172886922450",7mSigd8X0DqBA61Q9EGjtU,14,image
544,"1639412678000","327.9620126947955","105081405344851",false,"424924572649262",true,"2099172886922450",7mSigd8X0DqBA61Q9EGjtU,14,image
545,"1639412556000","282.0384117113005","105081405344851",false,"1034968827058983",true,"2099172886922450",7mSigd8X0DqBA61Q9EGjtU,14,image
546,"1639412740000","332.6073817682034","105081405344851",false,"880030925992951",true,"2099172886922450",7mSigd8X0DqBA61Q9EGjtU,14,image
547,"1639412578000","282.6454530538105","105081405344851",false,"305210281611101",true,"2099172886922450",7mSigd8X0DqBA61Q9EGjtU,14,image
548,"1639412653000","328.45831775950154","105081405344851",false,"198491389078243",true,"2099172886922450",7mSigd8X0DqBA61Q9EGjtU,14,image
549,"1639412622000","303.4764631294157","105081405344851",false,"945915819688569",true,"2099172886922450",7mSigd8X0DqBA61Q9EGjtU,14,image
550,"1639412802000","291.43044800533727","105081405344851",false,"115201781012238",true,"2099172886922450",7mSigd8X0DqBA61Q9EGjtU,14,image
551,"1639412531000","281.5307816211896","105081405344851",false,"5031441596866511",true,"2099172886922450",7mSigd8X0DqBA61Q9EGjtU,14,image
552,"1639993019000","105.46697286720473","105081405344851",false,"623254708914958",true,"2099172886922450","0Yl3AprXznFJ784iVy9cmx",14,image
553,"1639412768000","339.67983035189195","105081405344851",false,"714261409501647",true,"2099172886922450",7mSigd8X0DqBA61Q9EGjtU,14,image
554,"1639412706000","347.46141313115845","105081405344851",false,"610774776866653",true,"2099172886922450",7mSigd8X0DqBA61Q9EGjtU,14,image
555,"1639412574000","284.7069503055093","105081405344851",false,"881484402529527",true,"2099172886922450",7mSigd8X0DqBA61Q9EGjtU,14,image
556,"1639412758000","337.88785231795106","105081405344851",false,"1145348025998068",true,"2099172886922450",7mSigd8X0DqBA61Q9EGjtU,14,image
557,"1639412547000","281.5642009309938","105081405344851",false,"1567868763582452",true,"2099172886922450",7mSigd8X0DqBA61Q9EGjtU,14,image
558,"1639993034000","152.34187762026272","105081405344851",false,"286114676817983",true,"2099172886922450","0Yl3AprXznFJ784iVy9cmx",14,image
559,"1639412760000","339.3046945804699","105081405344851",false,"341139714126716",true,"2099172886922450",7mSigd8X0DqBA61Q9EGjtU,14,image
560,"1639412607000","293.22210131123387","105081405344851",false,"342121337743796",true,"2099172886922450",7mSigd8X0DqBA61Q9EGjtU,14,image
561,"1639992995000","184.9099585841665","105081405344851",false,"1184016652348994",true,"2099172886922450","0Yl3AprXznFJ784iVy9cmx",14,image
562,"1639412720000","354.15066754155896","105081405344851",false,"936602093728936",true,"2099172886922450",7mSigd8X0DqBA61Q9EGjtU,14,image
563,"1639412699000","346.78185972425365","105081405344851",false,"443765757209977",true,"2099172886922450",7mSigd8X0DqBA61Q9EGjtU,14,image
564,"1639412609000","300.1581384740852","105081405344851",false,"1543048322740590",true,"2099172886922450",7mSigd8X0DqBA61Q9EGjtU,14,image
565,"1639412499000","284.7276209506448","105081405344851",false,"180103570966925",true,"2099172886922450",7mSigd8X0DqBA61Q9EGjtU,14,image
566,"1639412728000","346.2813295462886","105081405344851",false,"433289341624039",true,"2099172886922450",7mSigd8X0DqBA61Q9EGjtU,14,image
567,"1639412577000","282.24974135781133","105081405344851",false,"3003245710004288",true,"2099172886922450",7mSigd8X0DqBA61Q9EGjtU,14,image
568,"1639412770000","339.3330159526379","105081405344851",false,"1082572302573193",true,"2099172886922450",7mSigd8X0DqBA61Q9EGjtU,14,image
569,"1639412546000","282.0093242342984","105081405344851",false,"2998188273768881",true,"2099172886922450",7mSigd8X0DqBA61Q9EGjtU,14,image
570,"1639992997000","184.91087472189523","105081405344851",false,"615697022818061",true,"2099172886922450","0Yl3AprXznFJ784iVy9cmx",14,image
571,"1639412571000","0","105081405344851",false,"701734034145640",true,"2099172886922450",7mSigd8X0DqBA61Q9EGjtU,14,image
572,"1639412762000","339.37632726181687","105081405344851",false,"4900106203367773",true,"2099172886922450",7mSigd8X0DqBA61Q9EGjtU,14,image
573,"1639412665000","326.2990275722673","105081405344851",false,"2827436314221023",true,"2099172886922450",7mSigd8X0DqBA61Q9EGjtU,14,image
574,"1639412530000","281.3910355751939","105081405344851",false,"257959926439781",true,"2099172886922450",7mSigd8X0DqBA61Q9EGjtU,14,image
575,"1639412480000","282.260380719901","105081405344851",false,"398287798653417",true,"2099172886922450",7mSigd8X0DqBA61Q9EGjtU,14,image
576,"1639412779000","342.6979983997955","105081405344851",false,"439734154263070",true,"2099172886922450",7mSigd8X0DqBA61Q9EGjtU,14,image
577,"1639412705000","347.0669116702645","105081405344851",false,"665590054453147",true,"2099172886922450",7mSigd8X0DqBA61Q9EGjtU,14,image
578,"1639992998000","184.91140518365705","105081405344851",false,"1269105010276488",true,"2099172886922450","0Yl3AprXznFJ784iVy9cmx",14,image
579,"1639412658000","328.5533326778529","105081405344851",false,"240554448151192",true,"2099172886922450",7mSigd8X0DqBA61Q9EGjtU,14,image
580,"1639412535000","281.5049496960324","105081405344851",false,"950542039199112",true,"2099172886922450",7mSigd8X0DqBA61Q9EGjtU,14,image
581,"1639412704000","346.41090911140697","105081405344851",false,"606348370655588",true,"2099172886922450",7mSigd8X0DqBA61Q9EGjtU,14,image
582,"1639412541000","280.9276835871696","105081405344851",false,"2039348576248091",true,"2099172886922450",7mSigd8X0DqBA61Q9EGjtU,14,image
583,"1639412781000","347.48532617774424","105081405344851",false,"984291608829955",true,"2099172886922450",7mSigd8X0DqBA61Q9EGjtU,14,image
584,"1639412606000","289.98568793928087","105081405344851",false,"947192962871770",true,"2099172886922450",7mSigd8X0DqBA61Q9EGjtU,14,image
585,"1639412739000","332.89299580773536","105081405344851",false,"605024587398230",true,"2099172886922450",7mSigd8X0DqBA61Q9EGjtU,14,image
586,"1639412641000","331.3747790860868","105081405344851",false,"382907636958924",true,"2099172886922450",7mSigd8X0DqBA61Q9EGjtU,14,image
587,"1639412695000","346.44221808778667","105081405344851",false,"644460649912355",true,"2099172886922450",7mSigd8X0DqBA61Q9EGjtU,14,image
588,"1639412656000","328.25339487696624","105081405344851",false,"138256691917097",true,"2099172886922450",7mSigd8X0DqBA61Q9EGjtU,14,image
589,"1639412735000","335.64983854611773","105081405344851",false,"312152827462878",true,"2099172886922450",7mSigd8X0DqBA61Q9EGjtU,14,image
590,"1639412707000","347.0094918420102","105081405344851",false,"899048244089951",true,"2099172886922450",7mSigd8X0DqBA61Q9EGjtU,14,image
591,"1639993006000","172.8778230720767","105081405344851",false,"414868547085447",true,"2099172886922450","0Yl3AprXznFJ784iVy9cmx",14,image
592,"1639412644000","331.0894346686125","105081405344851",false,"2072381516253306",true,"2099172886922450",7mSigd8X0DqBA61Q9EGjtU,14,image
593,"1639412503000","295.0913783600223","105081405344851",false,"124960700008730",true,"2099172886922450",7mSigd8X0DqBA61Q9EGjtU,14,image
594,"1639412789000","22.033987312068405","105081405344851",false,"6693909644015136",true,"2099172886922450",7mSigd8X0DqBA61Q9EGjtU,14,image
595,"1639412748000","333.40462136777165","105081405344851",false,"1268390786905962",true,"2099172886922450",7mSigd8X0DqBA61Q9EGjtU,14,image
596,"1639412632000","299.0702383751346","105081405344851",false,"1141933469673363",true,"2099172886922450",7mSigd8X0DqBA61Q9EGjtU,14,image
597,"1639412763000","339.7526458569954","105081405344851",false,"905118603701991",true,"2099172886922450",7mSigd8X0DqBA61Q9EGjtU,14,image
598,"1639412650000","329.2707803787114","105081405344851",false,"311339084201504",true,"2099172886922450",7mSigd8X0DqBA61Q9EGjtU,14,image
599,"1639412793000","8.631634366556284","105081405344851",false,"1065389927630611",true,"2099172886922450",7mSigd8X0DqBA61Q9EGjtU,14,image
600,"1639412756000","337.5525435450467","105081405344851",false,"2712345859074858",true,"2099172886922450",7mSigd8X0DqBA61Q9EGjtU,14,image
601,"1639412631000","289.8846072355194","105081405344851",false,"1393499261108064",true,"2099172886922450",7mSigd8X0DqBA61Q9EGjtU,14,image
602,"1639993012000","103.64465714073197","105081405344851",false,"599026064489380",true,"2099172886922450","0Yl3AprXznFJ784iVy9cmx",14,image
603,"1639412727000","347.2060826920965","105081405344851",false,"258330632900870",true,"2099172886922450",7mSigd8X0DqBA61Q9EGjtU,14,image
604,"1639412648000","330.1125594176488","105081405344851",false,"640564190621018",true,"2099172886922450",7mSigd8X0DqBA61Q9EGjtU,14,image
605,"1639412709000","346.71238092936227","105081405344851",false,"138808388511615",true,"2099172886922450",7mSigd8X0DqBA61Q9EGjtU,14,image
606,"1639412751000","335.69491443989745","105081405344851",false,"586377335800291",true,"2099172886922450",7mSigd8X0DqBA61Q9EGjtU,14,image
607,"1639412649000","329.8445757492646","105081405344851",false,"730734614565599",true,"2099172886922450",7mSigd8X0DqBA61Q9EGjtU,14,image
608,"1639993001000","184.90918729356213","105081405344851",false,"137396992051496",true,"2099172886922450","0Yl3AprXznFJ784iVy9cmx",14,image
609,"1639412766000","339.6195986416584","105081405344851",false,"325335242926203",true,"2099172886922450",7mSigd8X0DqBA61Q9EGjtU,14,image
610,"1639412677000","327.4974123163701","105081405344851",false,"4915263068524213",true,"2099172886922450",7mSigd8X0DqBA61Q9EGjtU,14,image
611,"1639412791000","37.57535015668191","105081405344851",false,"333330038622369",true,"2099172886922450",7mSigd8X0DqBA61Q9EGjtU,14,image
612,"1639412661000","328.0354354541313","105081405344851",false,"916002832619594",true,"2099172886922450",7mSigd8X0DqBA61Q9EGjtU,14,image
613,"1639412734000","337.0478377805351","105081405344851",false,"405865797993973",true,"2099172886922450",7mSigd8X0DqBA61Q9EGjtU,14,image
614,"1639412696000","346.5442430595377","105081405344851",false,"298170645571587",true,"2099172886922450",7mSigd8X0DqBA61Q9EGjtU,14,image
615,"1639993040000","153.86845334386317","105081405344851",false,"658342378655492",true,"2099172886922450","0Yl3AprXznFJ784iVy9cmx",14,image
616,"1639412676000","326.9325355896856","105081405344851",false,"271887134916713",true,"2099172886922450",7mSigd8X0DqBA61Q9EGjtU,14,image
617,"1639412796000","302.2219806433437","105081405344851",false,"490103782444726",true,"2099172886922450",7mSigd8X0DqBA61Q9EGjtU,14,image
618,"1639412683000","334.34786165195834","105081405344851",false,"619160896037332",true,"2099172886922450",7mSigd8X0DqBA61Q9EGjtU,14,image
619,"1639412684000","336.1044114021759","105081405344851",false,"308030751066456",true,"2099172886922450",7mSigd8X0DqBA61Q9EGjtU,14,image
620,"1639412637000","326.47606757733763","105081405344851",false,"416456746851149",true,"2099172886922450",7mSigd8X0DqBA61Q9EGjtU,14,image
621,"1639412655000","328.2560450290583","105081405344851",false,"1281049529029531",true,"2099172886922450",7mSigd8X0DqBA61Q9EGjtU,14,image
622,"1639992996000","184.91090930954036","105081405344851",false,"656986912006249",true,"2099172886922450","0Yl3AprXznFJ784iVy9cmx",14,image
623,"1639412778000","341.3584994433874","105081405344851",false,"1366974003705708",true,"2099172886922450",7mSigd8X0DqBA61Q9EGjtU,14,image
624,"1639992990000","184.95381223284622","105081405344851",false,"1000760227319292",true,"2099172886922450","0Yl3AprXznFJ784iVy9cmx",14,image
625,"1639412721000","354.30082854021003","105081405344851",false,"632858271398525",true,"2099172886922450",7mSigd8X0DqBA61Q9EGjtU,14,image
626,"1639412714000","350.03542187117546","105081405344851",false,"4345013285603640",true,"2099172886922450",7mSigd8X0DqBA61Q9EGjtU,14,image
627,"1639412682000","332.77560261728036","105081405344851",false,"1275074559658571",true,"2099172886922450",7mSigd8X0DqBA61Q9EGjtU,14,image
628,"1639412654000","328.47417868655594","105081405344851",false,"4867913166563183",true,"2099172886922450",7mSigd8X0DqBA61Q9EGjtU,14,image
629,"1639412799000","254.2263388620686","105081405344851",false,"403187781602537",true,"2099172886922450",7mSigd8X0DqBA61Q9EGjtU,14,image
630,"1639412784000","352.6830518452578","105081405344851",false,"1195008344646970",true,"2099172886922450",7mSigd8X0DqBA61Q9EGjtU,14,image
631,"1639412639000","330.0670965157797","105081405344851",false,"338224404484896",true,"2099172886922450",7mSigd8X0DqBA61Q9EGjtU,14,image
632,"1639993045000","150.1985625024256","105081405344851",false,"1115786065857262",true,"2099172886922450","0Yl3AprXznFJ784iVy9cmx",14,image
633,"1639412722000","353.54154134569774","105081405344851",false,"1354960771599006",true,"2099172886922450",7mSigd8X0DqBA61Q9EGjtU,14,image
634,"1639412689000","341.7275971407715","105081405344851",false,"422007019651214",true,"2099172886922450",7mSigd8X0DqBA61Q9EGjtU,14,image
635,"1639412737000","334.09803213002965","105081405344851",false,"1131941177549583",true,"2099172886922450",7mSigd8X0DqBA61Q9EGjtU,14,image
636,"1639412628000","299.376915575801","105081405344851",false,"891826348183629",true,"2099172886922450",7mSigd8X0DqBA61Q9EGjtU,14,image
637,"1639412730000","343.3287863513345","105081405344851",false,"968303997426508",true,"2099172886922450",7mSigd8X0DqBA61Q9EGjtU,14,image
638,"1639412642000","331.3986634307689","105081405344851",false,"1029645297816581",true,"2099172886922450",7mSigd8X0DqBA61Q9EGjtU,14,image
639,"1639412724000","351.7695648763835","105081405344851",false,"140288215040953",true,"2099172886922450",7mSigd8X0DqBA61Q9EGjtU,14,image
640,"1639412700000","346.9442356401898","105081405344851",false,"2051242821693251",true,"2099172886922450",7mSigd8X0DqBA61Q9EGjtU,14,image
641,"1639412773000","339.469348595823","105081405344851",false,"598804527895014",true,"2099172886922450",7mSigd8X0DqBA61Q9EGjtU,14,image
642,"1639412726000","348.86475748054374","105081405344851",false,"1400261697038856",true,"2099172886922450",7mSigd8X0DqBA61Q9EGjtU,14,image
643,"1639412497000","282.6021105298637","105081405344851",false,"1222465634911534",true,"2099172886922450",7mSigd8X0DqBA61Q9EGjtU,14,image
644,"1639412664000","326.5407111542298","105081405344851",false,"1255324504954655",true,"2099172886922450",7mSigd8X0DqBA61Q9EGjtU,14,image
645,"1639412645000","330.6261034888503","105081405344851",false,"603818394231975",true,"2099172886922450",7mSigd8X0DqBA61Q9EGjtU,14,image
646,"1639412502000","292.3706413600306","105081405344851",false,"459476935575077",true,"2099172886922450",7mSigd8X0DqBA61Q9EGjtU,14,image
647,"1639412757000","337.9193127024519","105081405344851",false,"339977844251828",true,"2099172886922450",7mSigd8X0DqBA61Q9EGjtU,14,image
648,"1639412694000","345.60573312181737","105081405344851",false,"610880940131966",true,"2099172886922450",7mSigd8X0DqBA61Q9EGjtU,14,image
649,"1639993050000","105.35490046877254","105081405344851",false,"229165086028601",true,"2099172886922450","0Yl3AprXznFJ784iVy9cmx",14,image
650,"1639412792000","26.10015994513998","105081405344851",false,"456549002535569",true,"2099172886922450",7mSigd8X0DqBA61Q9EGjtU,14,image
651,"1639412753000","336.56856940387587","105081405344851",false,"649214583115185",true,"2099172886922450",7mSigd8X0DqBA61Q9EGjtU,14,image
652,"1639412675000","326.5981781155485","105081405344851",false,"1109884206215489",true,"2099172886922450",7mSigd8X0DqBA61Q9EGjtU,14,image
653,"1639412669000","326.3181258278139","105081405344851",false,"294862085924323",true,"2099172886922450",7mSigd8X0DqBA61Q9EGjtU,14,image
654,"1639993004000","184.911787699332","105081405344851",false,"607878386968652",true,"2099172886922450","0Yl3AprXznFJ784iVy9cmx",14,image
655,"1639412780000","344.97742865118846","105081405344851",false,"5040334545985419",true,"2099172886922450",7mSigd8X0DqBA61Q9EGjtU,14,image
656,"1639412691000","344.36142173447905","105081405344851",false,"1327535131004669",true,"2099172886922450",7mSigd8X0DqBA61Q9EGjtU,14,image
657,"1639993062000","96.46184939453235","105081405344851",false,"315413800407214",true,"2099172886922450","0Yl3AprXznFJ784iVy9cmx",14,image
658,"1639993020000","107.28326148224278","105081405344851",false,"681560569879021",true,"2099172886922450","0Yl3AprXznFJ784iVy9cmx",14,image
659,"1639412500000","288.6356223765123","105081405344851",false,"3114114278874253",true,"2099172886922450",7mSigd8X0DqBA61Q9EGjtU,14,image
660,"1639992989000","184.97195780694736","105081405344851",false,"972565497006909",true,"2099172886922450","0Yl3AprXznFJ784iVy9cmx",14,image
661,"1639993008000","118.71217208445222","105081405344851",false,"424540882697668",true,"2099172886922450","0Yl3AprXznFJ784iVy9cmx",14,image
662,"1639993021000","112.0331677366566","105081405344851",false,"970018853933525",true,"2099172886922450","0Yl3AprXznFJ784iVy9cmx",14,image
663,"1639993068000","96.9921005314514","105081405344851",false,"1481671045560484",true,"2099172886922450","0Yl3AprXznFJ784iVy9cmx",14,image
664,"1639993065000","97.24179125448097","105081405344851",false,"243811791213368",true,"2099172886922450","0Yl3AprXznFJ784iVy9cmx",14,image
665,"1639993003000","184.91237424727046","105081405344851",false,"920525968850062",true,"2099172886922450","0Yl3AprXznFJ784iVy9cmx",14,image
666,"1639993047000","136.52052929495255","105081405344851",false,"335559591732472",true,"2099172886922450","0Yl3AprXznFJ784iVy9cmx",14,image
667,"1639412493000","281.9100994922844","105081405344851",false,"451003026498069",true,"2099172886922450",7mSigd8X0DqBA61Q9EGjtU,14,image
668,"1639993056000","96.83043987502748","105081405344851",false,"461114508734088",true,"2099172886922450","0Yl3AprXznFJ784iVy9cmx",14,image
669,"1639992992000","184.912304618839","105081405344851",false,"252616280159793",true,"2099172886922450","0Yl3AprXznFJ784iVy9cmx",14,image
670,"1639993013000","104.12015922833979","105081405344851",false,"455977716087643",true,"2099172886922450","0Yl3AprXznFJ784iVy9cmx",14,image
671,"1639993043000","152.65439141635682","105081405344851",false,"2004241313080699",true,"2099172886922450","0Yl3AprXznFJ784iVy9cmx",14,image
672,"1639992999000","184.91036932199378","105081405344851",false,"316061450428137",true,"2099172886922450","0Yl3AprXznFJ784iVy9cmx",14,image
673,"1639993009000","109.86305544187286","105081405344851",false,"388742529711840",true,"2099172886922450","0Yl3AprXznFJ784iVy9cmx",14,image
674,"1639412487000","282.2376663874636","105081405344851",false,"965900127654005",true,"2099172886922450",7mSigd8X0DqBA61Q9EGjtU,14,image
675,"1639412485000","282.4158947566262","105081405344851",false,"135779395522373",true,"2099172886922450",7mSigd8X0DqBA61Q9EGjtU,14,image
676,"1639993016000","103.83366486081457","105081405344851",false,"475645637414429",true,"2099172886922450","0Yl3AprXznFJ784iVy9cmx",14,image
677,"1639412490000","282.2547378027729","105081405344851",false,"600361174385088",true,"2099172886922450",7mSigd8X0DqBA61Q9EGjtU,14,image
678,"1639412482000","281.9806911938654","105081405344851",false,"1047478202484456",true,"2099172886922450",7mSigd8X0DqBA61Q9EGjtU,14,image
679,"1639412769000","339.2878351929867","105081405344851",false,"609102397003357",true,"2099172886922450",7mSigd8X0DqBA61Q9EGjtU,14,image
680,"1639993026000","138.06628369369275","105081405344851",false,"957733334835135",true,"2099172886922450","0Yl3AprXznFJ784iVy9cmx",14,image
681,"1639412777000","340.5571187688056","105081405344851",false,"926997474610972",true,"2099172886922450",7mSigd8X0DqBA61Q9EGjtU,14,image
682,"1639993070000","97.20646423280232","105081405344851",false,"452054626567073",true,"2099172886922450","0Yl3AprXznFJ784iVy9cmx",14,image
683,"1639412764000","340.148463911209","105081405344851",false,"3025731514411192",true,"2099172886922450",7mSigd8X0DqBA61Q9EGjtU,14,image
684,"1639412788000","10.460977298842579","105081405344851",false,"253769430187108",true,"2099172886922450",7mSigd8X0DqBA61Q9EGjtU,14,image
685,"1639412783000","350.63424140059044","105081405344851",false,"396661002249228",true,"2099172886922450",7mSigd8X0DqBA61Q9EGjtU,14,image
686,"1639412741000","332.91209920550614","105081405344851",false,"340808330812699",true,"2099172886922450",7mSigd8X0DqBA61Q9EGjtU,14,image
687,"1639412646000","330.238519995345","105081405344851",false,"306679438018301",true,"2099172886922450",7mSigd8X0DqBA61Q9EGjtU,14,image
688,"1639412680000","330.3659558537312","105081405344851",false,"630427821437666",true,"2099172886922450",7mSigd8X0DqBA61Q9EGjtU,14,image
689,"1639993049000","114.81145017149709","105081405344851",false,"466801738406823",true,"2099172886922450","0Yl3AprXznFJ784iVy9cmx",14,image
690,"1639412782000","349.21080454395405","105081405344851",false,"1804247989785256",true,"2099172886922450",7mSigd8X0DqBA61Q9EGjtU,14,image
691,"1639412666000","326.3024499797545","105081405344851",false,"473011687572978",true,"2099172886922450",7mSigd8X0DqBA61Q9EGjtU,14,image
692,"1639412749000","334.1187915798638","105081405344851",false,"575144660515930",true,"2099172886922450",7mSigd8X0DqBA61Q9EGjtU,14,image
693,"1639412710000","346.6243454741508","105081405344851",false,"619237559325564",true,"2099172886922450",7mSigd8X0DqBA61Q9EGjtU,14,image
694,"1639412647000","330.3822574760212","105081405344851",false,"1349050692211586",true,"2099172886922450",7mSigd8X0DqBA61Q9EGjtU,14,image
695,"1639993025000","134.96525120517538","105081405344851",false,"157575713268022",true,"2099172886922450","0Yl3AprXznFJ784iVy9cmx",14,image
696,"1639412772000","339.7475934785953","105081405344851",false,"962073371330170",true,"2099172886922450",7mSigd8X0DqBA61Q9EGjtU,14,image
697,"1639412626000","327.3492363555495","105081405344851",false,"1369364710186567",true,"2099172886922450",7mSigd8X0DqBA61Q9EGjtU,14,image
698,"1639993041000","153.6269439591847","105081405344851",false,"3079457478986820",true,"2099172886922450","0Yl3AprXznFJ784iVy9cmx",14,image
699,"1639412733000","338.97101120824374","105081405344851",false,"397692175437933",true,"2099172886922450",7mSigd8X0DqBA61Q9EGjtU,14,image
700,"1639992991000","184.91599902380716","105081405344851",false,"1130744337733821",true,"2099172886922450","0Yl3AprXznFJ784iVy9cmx",14,image
701,"1639993060000","96.95450603495789","105081405344851",false,"443953910620837",true,"2099172886922450","0Yl3AprXznFJ784iVy9cmx",14,image
702,"1639993059000","97.46029728048018","105081405344851",false,"222361046721307",true,"2099172886922450","0Yl3AprXznFJ784iVy9cmx",14,image
703,"1639993036000","153.04800295723885","105081405344851",false,"4804456736337839",true,"2099172886922450","0Yl3AprXznFJ784iVy9cmx",14,image
704,"1639993038000","153.18532182401725","105081405344851",false,"1058870828291821",true,"2099172886922450","0Yl3AprXznFJ784iVy9cmx",14,image
705,"1639993058000","98.29290628948615","105081405344851",false,"611910893225545",true,"2099172886922450","0Yl3AprXznFJ784iVy9cmx",14,image
706,"1639992993000","184.91143048586903","105081405344851",false,"960543188178383",true,"2099172886922450","0Yl3AprXznFJ784iVy9cmx",14,image
707,"1639412498000","282.73420764304785","105081405344851",false,"327970292664775",true,"2099172886922450",7mSigd8X0DqBA61Q9EGjtU,14,image
708,"1639993005000","184.46914722040697","105081405344851",false,"516584739443099",true,"2099172886922450","0Yl3AprXznFJ784iVy9cmx",14,image
709,"1639993029000","150.06857158028623","105081405344851",false,"233183348844553",true,"2099172886922450","0Yl3AprXznFJ784iVy9cmx",14,image
710,"1639993032000","151.97584467745088","105081405344851",false,"602501574152904",true,"2099172886922450","0Yl3AprXznFJ784iVy9cmx",14,image
711,"1639412477000","282.50299666819","105081405344851",false,"1062612207859600",true,"2099172886922450",7mSigd8X0DqBA61Q9EGjtU,14,image
712,"1639993053000","96.98226873527983","105081405344851",false,"3092604821021087",true,"2099172886922450","0Yl3AprXznFJ784iVy9cmx",14,image
713,"1639993055000","96.48953831227243","105081405344851",false,"4649590955089423",true,"2099172886922450","0Yl3AprXznFJ784iVy9cmx",14,image
714,"1639993031000","151.61305580798899","105081405344851",false,"126855969811768",true,"2099172886922450","0Yl3AprXznFJ784iVy9cmx",14,image
