,w_dist_0,w_dist_1,w_dist_2,id
0,6.447457794725249,6.15352812975915,2.860406947225957,596796918064052
1,6.586973596911436,6.057476551612125,3.09958759022637,1290319608131747
2,6.287215843727101,6.0308443836315355,2.700171689291096,908342456741395
3,6.441877082301275,5.933598494000944,3.8822393297723288,445513656954431
4,6.398598777099451,5.465512149117717,4.607786488560604,1090353731504863
5,6.5181140717548915,5.985200080991104,4.811121874650197,104577562050135
6,7.177070497275361,6.6372923969622795,4.31516871771092,597084074915983
7,4.372898564323139,5.030653845726302,4.3876870348020525,151693907199160
8,6.769702760516447,6.621517032082505,3.948979740588058,504550650754559
9,6.884395739048252,7.046714190819247,4.906468204467294,1050058102220345
10,6.4795344165829745,6.581905627718514,2.6681757545207434,641993123662358
11,6.295563162242196,6.0946928576839845,4.632682322606022,897526570923990
12,6.92901918842496,6.728891140340654,4.576591063563126,3114531125429556
13,6.7120862585378696,6.043833292782815,4.74148546387852,282233750609776
14,6.091471517948595,5.772592326700057,4.2448087819800975,890770524971539
15,6.438398844585674,5.758059106351021,3.0320788972384665,408888457600182
16,6.270261528905581,5.630877017893773,3.4060899718867446,906548740229030
17,6.168966567309215,5.624575734277373,4.181323057190742,3090457391239864
18,6.37527716797007,5.804852355836025,3.573321404111994,638487400668407
19,6.041915593649266,5.784724992010362,4.23363950453517,307650124706834
20,6.6534558762392,6.125269533072193,3.0527345211466796,2758008404499001
21,7.240679066985361,5.843305429266726,4.306273393637395,1294492784386466
22,4.064224771117598,4.100209232707331,3.8647652611540715,604404910891926
23,6.291288467971485,5.862599630323106,4.926994351275976,312034844151298
24,6.334492855828289,5.620787062498127,4.496368077756055,381844380367381
25,6.322594584638821,5.89905543706796,4.609101961537858,431656178605436
26,5.470813456299762,5.662534328213054,4.722493824068798,1366974003705708
27,4.224410442753557,6.005784183097523,5.294141281429757,926997474610972
28,3.9686012000629627,5.551253759658807,5.388531630764314,975428013406195
29,4.434168445179804,6.052825034199666,5.418101037950733,1578678815830657
30,0.9937714948131278,3.603176108929042,4.022795634659295,334892865306223
31,3.8774325264044056,5.533876349978832,4.737351114943469,892204698111317
32,3.1542460301162243,5.12888277355889,4.843714305716381,605024587398230
33,3.038322276600166,4.68255789469876,4.480010845374423,880030925992951
34,2.956998233912254,5.261506518704383,5.180081637545883,3140202846264845
35,3.7298032347022514,5.285900655102694,4.943296079142388,665590054453147
36,7.158061870747014,6.993588439213708,5.570524522638335,606348370655588
37,3.7730075984505893,5.587405371011024,5.237544261550935,610774776866653
38,4.27071593661274,5.542096359498734,4.451461218417605,271887134916713
39,4.926778606549178,5.515045819328966,4.2793553296543445,1109884206215489
40,5.310224128095077,5.673407092873941,5.492397519697685,4915263068524213
41,4.27582160783251,4.36909092483907,3.5744907743229994,382907636958924
42,4.995356149275208,4.788173797858869,3.0513638894646515,671469470928994
43,4.346574996231369,4.544901261171052,4.107720571094906,1029645297816581
44,3.4801246572352436,5.13958807561466,4.484616759713149,947192962871770
45,4.931432478303862,4.770989907544811,2.9687691739909265,117664570589917
46,4.6261170215529575,6.967510927124637,5.473725737796033,342121337743796
47,3.690682050407996,4.999032569614281,3.917051631141296,3003245710004288
48,3.4754637568638604,3.5539643603386155,3.7572444685920607,454837436212026
49,4.067766046697256,8.98343777142205,9.004435251582695,628714804983616
50,4.04726047720297,4.753576623927655,4.569704259346097,3137594823141975
51,5.4653211396971075,5.638389157864121,5.624252904028329,2998188273768881
52,5.927207732667825,5.467793110052491,4.41740929202422,1158948284929197
53,2.9238350070801333,4.101580065662662,4.1108803423588105,1088027615355348
54,3.371627538703436,4.449994688079998,3.7241129059375173,148516227527556
55,4.567383459872451,4.929483734079942,4.951835332314667,611910893225545
56,3.7342513910244026,4.94585919094596,4.6806186570395365,687780839261645
57,3.884686868324638,5.622824785034116,5.5586600060743026,461114508734088
